[{"fields": {"model": "logentry", "name": "log entry", "app_label": "admin"}, "model": "contenttypes.contenttype", "pk": 1}, {"fields": {"model": "permission", "name": "permission", "app_label": "auth"}, "model": "contenttypes.contenttype", "pk": 2}, {"fields": {"model": "group", "name": "group", "app_label": "auth"}, "model": "contenttypes.contenttype", "pk": 3}, {"fields": {"model": "user", "name": "user", "app_label": "auth"}, "model": "contenttypes.contenttype", "pk": 4}, {"fields": {"model": "contenttype", "name": "content type", "app_label": "contenttypes"}, "model": "contenttypes.contenttype", "pk": 5}, {"fields": {"model": "session", "name": "session", "app_label": "sessions"}, "model": "contenttypes.contenttype", "pk": 6}, {"fields": {"model": "contractor", "name": "contractor", "app_label": "zipcode"}, "model": "contenttypes.contenttype", "pk": 7}, {"fields": {"model": "customer", "name": "customer", "app_label": "zipcode"}, "model": "contenttypes.contenttype", "pk": 8}, {"fields": {"model": "careerresume", "name": "career resume", "app_label": "zipcode"}, "model": "contenttypes.contenttype", "pk": 9}, {"fields": {"model": "contractorschedule", "name": "contractor schedule", "app_label": "zipcode"}, "model": "contenttypes.contenttype", "pk": 10}, {"fields": {"model": "availability", "name": "availability", "app_label": "zipcode"}, "model": "contenttypes.contenttype", "pk": 11}, {"fields": {"model": "location", "name": "location", "app_label": "zipcode"}, "model": "contenttypes.contenttype", "pk": 12}, {"fields": {"model": "gallery", "name": "gallery", "app_label": "zipcode"}, "model": "contenttypes.contenttype", "pk": 13}, {"fields": {"model": "testimonial", "name": "testimonial", "app_label": "zipcode"}, "model": "contenttypes.contenttype", "pk": 14}, {"fields": {"model": "monthlyspecial", "name": "monthly special", "app_label": "zipcode"}, "model": "contenttypes.contenttype", "pk": 15}, {"fields": {"model": "source", "name": "source", "app_label": "easy_thumbnails"}, "model": "contenttypes.contenttype", "pk": 16}, {"fields": {"model": "thumbnail", "name": "thumbnail", "app_label": "easy_thumbnails"}, "model": "contenttypes.contenttype", "pk": 17}, {"fields": {"model": "thumbnaildimensions", "name": "thumbnail dimensions", "app_label": "easy_thumbnails"}, "model": "contenttypes.contenttype", "pk": 18}, {"fields": {"expire_date": "2015-11-05T17:05:56.738", "session_data": "YTczMDljNzA0ZDJiMmIyYTM0MjM0YWU4Y2VmODgyMzM3OTdlYmMxNDp7Il9hdXRoX3VzZXJfaGFzaCI6IjgwZjdmMGRkNmQxMWM4MzI4OGJkYTdlNTk1NjY1ZDY4YzE0YWQwNjUiLCJfYXV0aF91c2VyX2JhY2tlbmQiOiJkamFuZ28uY29udHJpYi5hdXRoLmJhY2tlbmRzLk1vZGVsQmFja2VuZCIsIl9hdXRoX3VzZXJfaWQiOjF9"}, "model": "sessions.session", "pk": "471tqcl0cs5m1k8xvi6c5960jxm45jpt"}, {"fields": {"phone_number": "07286320014", "city": "Lake Delmaberg", "first_name": "Brandan", "last_name": "Bruen", "subscribed": true, "zipcode": "06283", "state": "NJ", "special_notes": "Vitae a molestias corrupti dignissimos enim maxime. Consequatur natus repudiandae quia perspiciatis. Quas magni quibusdam dolorem sint odio. Iure aliquid officia iure nemo odio. Est iste cupiditate non voluptatem nihil.", "address_line_2": "Suite 081", "email": "gkoch@hotmail.com", "address_line_1": "333 Murazik Trail"}, "model": "zipcode.customer", "pk": 14018}, {"fields": {"phone_number": "1-024-846-8768x2324", "city": "Port Gladys", "first_name": "Cristina", "last_name": "Anderson", "subscribed": true, "zipcode": "88358", "state": "LA", "special_notes": "Iste similique ut molestias mollitia. Pariatur perferendis vero itaque assumenda ut. Sapiente libero quis quis nihil iste aspernatur.", "address_line_2": "Apt. 222", "email": "smith.efren@mayer.info", "address_line_1": "936 Casey Parks Apt. 345"}, "model": "zipcode.customer", "pk": 14022}, {"fields": {"phone_number": "638-000-4957", "city": "Port Francineview", "first_name": "Sherita", "last_name": "Cummerata", "subscribed": true, "zipcode": "74356-7074", "state": "CA", "special_notes": "Placeat rem id optio sed. Suscipit odio qui in iste et occaecati et eveniet.", "address_line_2": "Apt. 464", "email": "stanton.lindy@kulas.com", "address_line_1": "4367 Labadie Hill"}, "model": "zipcode.customer", "pk": 14026}, {"fields": {"phone_number": "08733683234", "city": "Bernicemouth", "first_name": "Danyelle", "last_name": "Cole", "subscribed": true, "zipcode": "80221", "state": "AR", "special_notes": "Laborum molestiae officia sint omnis et ea. Cumque deserunt iure hic vel voluptas ad. Totam culpa ut qui quisquam. Qui quibusdam omnis molestias harum dolorem praesentium expedita.", "address_line_2": "Apt. 514", "email": "astark@gmail.com", "address_line_1": "13391 Bayer Roads"}, "model": "zipcode.customer", "pk": 14029}, {"fields": {"phone_number": "1-938-921-4372x40708", "city": "East Shirleen", "first_name": "Barron", "last_name": "Wolf", "subscribed": true, "zipcode": "52398-0824", "state": "GU", "special_notes": "Enim dolor aliquid delectus dolore doloremque. Veritatis modi est odit delectus non qui id. Omnis culpa alias dicta ullam exercitationem culpa est.", "address_line_2": "Suite 160", "email": "nquigley@gmail.com", "address_line_1": "0090 Bruen Junctions"}, "model": "zipcode.customer", "pk": 14034}, {"fields": {"phone_number": "086-782-3760x16416", "city": "West Lindsayland", "first_name": "Emmit", "last_name": "Haley", "subscribed": true, "zipcode": "54433", "state": "WI", "special_notes": "Ipsa nobis fugiat vitae aut vel. Molestiae qui provident assumenda.", "address_line_2": "Suite 744", "email": "allan09@hotmail.com", "address_line_1": "26476 Ryan Mountains"}, "model": "zipcode.customer", "pk": 14040}, {"fields": {"phone_number": "1-930-895-4850", "city": "Lovieland", "first_name": "Armond", "last_name": "Rutherford", "subscribed": true, "zipcode": "46457-7976", "state": "MT", "special_notes": "Laudantium aspernatur enim cupiditate qui molestiae. Laudantium in est eum iure numquam id.", "address_line_2": "Apt. 864", "email": "delbert.baumbach@bergstromkihn.com", "address_line_1": "2163 Maren Forges Suite 618"}, "model": "zipcode.customer", "pk": 14041}, {"fields": {"phone_number": "980-631-9508", "city": "Bayerside", "first_name": "Nathanial", "last_name": "Strosin", "subscribed": true, "zipcode": "11053", "state": "MN", "special_notes": "Dicta molestiae non ratione sint tenetur perspiciatis. Nam in fugit ipsa mollitia. Fugit non similique voluptatem.", "address_line_2": "Apt. 510", "email": "liberty85@farrellcole.org", "address_line_1": "4435 Drema Springs Suite 664"}, "model": "zipcode.customer", "pk": 14048}, {"fields": {"phone_number": "596-909-0252x460", "city": "Lake Kiara", "first_name": "Okey", "last_name": "Cormier", "subscribed": true, "zipcode": "57067-7983", "state": "MT", "special_notes": "Nulla vel et sed tenetur. Modi et quae impedit. Praesentium omnis nihil ab et.", "address_line_2": "Apt. 337", "email": "claiborne.crooks@carterbednar.com", "address_line_1": "20703 Prosacco Crossroad Apt. 153"}, "model": "zipcode.customer", "pk": 14074}, {"fields": {"phone_number": "050.444.8710", "city": "Bristolburgh", "first_name": "Shanika", "last_name": "McClure", "subscribed": true, "zipcode": "76616-7472", "state": "IN", "special_notes": "Occaecati autem quasi vel nihil unde voluptatem veritatis alias. Modi corporis sit ex est. Deleniti fuga neque assumenda ipsum. Officiis et doloribus voluptatem quo. Dolorem assumenda porro ut quas error ut.", "address_line_2": "Apt. 379", "email": "juliette63@yahoo.com", "address_line_1": "98167 Heidenreich Mews"}, "model": "zipcode.customer", "pk": 14075}, {"fields": {"phone_number": "(461)027-6226x2432", "city": "Marianstad", "first_name": "Marisa", "last_name": "Wisoky", "subscribed": true, "zipcode": "24092-8781", "state": "UT", "special_notes": "Adipisci hic quia nemo dolorem aspernatur doloremque quis. Est minima molestiae ratione qui aut vel. Itaque mollitia ipsam facilis debitis aut. Sed eos amet ipsa voluptatum.", "address_line_2": "Apt. 711", "email": "timmothy.weber@gmail.com", "address_line_1": "61825 Cydney Corner"}, "model": "zipcode.customer", "pk": 14124}, {"fields": {"phone_number": "846.185.1515", "city": "East Tomika", "first_name": "Reynolds", "last_name": "Osinski", "subscribed": true, "zipcode": "39144-8064", "state": "WI", "special_notes": "Quibusdam rerum ipsam qui veritatis culpa rem voluptatem. Non itaque libero praesentium aperiam eveniet laborum possimus aut. Rerum aperiam ut architecto necessitatibus qui laborum distinctio. Et aut ullam et vero.", "address_line_2": "Apt. 623", "email": "bogan.hays@zulauf.com", "address_line_1": "807 Kautzer Club Suite 205"}, "model": "zipcode.customer", "pk": 14173}, {"fields": {"phone_number": "1-280-783-0491x72061", "city": "East Dagmarside", "first_name": "Harden", "last_name": "Ritchie", "subscribed": true, "zipcode": "71769-7729", "state": "KS", "special_notes": "Ut aut animi voluptatem. Quod velit saepe eaque cumque animi. Culpa eveniet explicabo ut maiores iure.", "address_line_2": "Apt. 436", "email": "woconnell@hotmail.com", "address_line_1": "80571 Tyesha Roads"}, "model": "zipcode.customer", "pk": 14174}, {"fields": {"phone_number": "(094)683-2335x35840", "city": "Sawaynhaven", "first_name": "Edmonia", "last_name": "Sipes", "subscribed": true, "zipcode": "06365-8032", "state": "ND", "special_notes": "Nisi consequatur magni rerum aut explicabo. Consectetur maxime iure repudiandae sed sunt ratione. Eaque dignissimos dicta sequi voluptates voluptas earum eos.", "address_line_2": "Suite 685", "email": "hettinger.jobe@hotmail.com", "address_line_1": "861 Oberbrunner Landing"}, "model": "zipcode.customer", "pk": 14225}, {"fields": {"phone_number": "05799303384", "city": "Bartolettitown", "first_name": "Nevada", "last_name": "Hintz", "subscribed": true, "zipcode": "79715-3727", "state": "MI", "special_notes": "Aspernatur enim optio illum aut modi laudantium. Rerum voluptates dolor libero aut ab. Corrupti enim et nam explicabo ut. Adipisci quia soluta magni et culpa exercitationem.", "address_line_2": "Suite 775", "email": "noreta.hickle@hammes.com", "address_line_1": "6257 Prosacco Crest"}, "model": "zipcode.customer", "pk": 14314}, {"fields": {"phone_number": "809-324-5645x5883", "city": "Wymanbury", "first_name": "Kesha", "last_name": "Parisian", "subscribed": true, "zipcode": "94494-2532", "state": "SC", "special_notes": "Voluptates quia et accusamus animi quae eum sunt. Aliquid corporis rerum odio nostrum. Iusto in eligendi maiores iste. Nisi beatae reiciendis nulla animi aut.", "address_line_2": "Apt. 785", "email": "tavian02@doyle.info", "address_line_1": "504 Shanon Spur"}, "model": "zipcode.customer", "pk": 14347}, {"fields": {"phone_number": "900-778-6013", "city": "North Jaidyn", "first_name": "Candida", "last_name": "Zulauf", "subscribed": true, "zipcode": "53148", "state": "PA", "special_notes": "Et consequatur minima voluptates nihil. Consequuntur ab nulla in natus. Pariatur eaque ipsa aliquam aliquam amet. Reprehenderit dolorum unde molestias in voluptates. Harum ratione velit aut alias rerum.", "address_line_2": "Suite 749", "email": "grant.mckinley@walterbeer.biz", "address_line_1": "969 Kuphal Trafficway"}, "model": "zipcode.customer", "pk": 14354}, {"fields": {"phone_number": "1-735-229-5655x592", "city": "Lake Halleyfort", "first_name": "Tiana", "last_name": "Donnelly", "subscribed": true, "zipcode": "12966", "state": "KY", "special_notes": "Omnis et pariatur ut omnis tempore dolore. Est aut quia quia nostrum placeat deserunt.", "address_line_2": "Apt. 897", "email": "sawayn.denita@rosenbaum.org", "address_line_1": "96880 Thurston Ville Apt. 919"}, "model": "zipcode.customer", "pk": 14471}, {"fields": {"phone_number": "08177487761", "city": "Port Mikeville", "first_name": "Nico", "last_name": "Cruickshank", "subscribed": true, "zipcode": "96472", "state": "GA", "special_notes": "Officia eum debitis ut repellat. Quod sit earum repudiandae vel occaecati deserunt similique. In hic ut velit non omnis dolores a.", "address_line_2": "Apt. 813", "email": "sanford.rosina@yahoo.com", "address_line_1": "8393 Gutkowski Dam Apt. 044"}, "model": "zipcode.customer", "pk": 14558}, {"fields": {"phone_number": "06425865060", "city": "New Albin", "first_name": "Taylor", "last_name": "Sipes", "subscribed": true, "zipcode": "06974-4388", "state": "VA", "special_notes": "Quibusdam recusandae blanditiis nostrum et placeat repellendus. Aut ex laboriosam sed ut.", "address_line_2": "Apt. 945", "email": "obed.ohara@crookskoss.net", "address_line_1": "44943 Halvorson Plains Apt. 743"}, "model": "zipcode.customer", "pk": 14631}, {"fields": {"phone_number": "(613)435-7528x4692", "city": "East Donnyfurt", "first_name": "Quentin", "last_name": "Goodwin", "subscribed": true, "zipcode": "68234", "state": "WV", "special_notes": "Accusantium ratione est similique qui tempore est. Enim tenetur quam provident facere.", "address_line_2": "Apt. 773", "email": "mignon49@yahoo.com", "address_line_1": "77291 Baumbach Ramp Suite 305"}, "model": "zipcode.customer", "pk": 14652}, {"fields": {"phone_number": "375-922-4313x932", "city": "Jaxontown", "first_name": "Claudio", "last_name": "Tillman", "subscribed": true, "zipcode": "79791-1895", "state": "NC", "special_notes": "Consequatur non reprehenderit enim quia unde error sed. Nostrum esse atque beatae ut sunt modi quod. Qui voluptatem esse et esse velit. Voluptas assumenda voluptas molestiae ipsam.", "address_line_2": "Suite 792", "email": "charley.marvin@littel.org", "address_line_1": "985 Kuphal Spring Suite 411"}, "model": "zipcode.customer", "pk": 14653}, {"fields": {"phone_number": "818-669-2725", "city": "Hegmannbury", "first_name": "Carson", "last_name": "Nitzsche", "subscribed": true, "zipcode": "50000-0921", "state": "WV", "special_notes": "Et suscipit corporis facilis dolor unde nemo. Facilis quis omnis voluptate nihil dignissimos quo sit. Exercitationem est occaecati est ut. Assumenda iure adipisci et necessitatibus aut sunt.", "address_line_2": "Apt. 362", "email": "inga.barton@frami.com", "address_line_1": "72568 Aufderhar Gardens"}, "model": "zipcode.customer", "pk": 14655}, {"fields": {"phone_number": "+83(1)0146798668", "city": "West Gorgehaven", "first_name": "Jere", "last_name": "Hayes", "subscribed": true, "zipcode": "63873-7052", "state": "NE", "special_notes": "Qui ex sed a. Temporibus in velit minima error tempora et omnis ipsa. Quo earum et est dignissimos. Libero aut sunt voluptatem id velit. Explicabo delectus iure excepturi et aut eum.", "address_line_2": "Apt. 836", "email": "nkiehn@hotmail.com", "address_line_1": "230 Leigh Street Apt. 257"}, "model": "zipcode.customer", "pk": 14659}, {"fields": {"phone_number": "00966566853", "city": "Mikealhaven", "first_name": "Junior", "last_name": "Runolfsdottir", "subscribed": true, "zipcode": "15058", "state": "AR", "special_notes": "Autem alias in nihil repellendus nobis. Est dolorem odit velit repellat. Odit odio molestiae rerum hic magnam rerum nihil illum. Quis et aut voluptates debitis nemo autem enim ducimus.", "address_line_2": "Suite 459", "email": "hrodriguez@gmail.com", "address_line_1": "97854 Claudette Lodge Suite 566"}, "model": "zipcode.customer", "pk": 14660}, {"fields": {"phone_number": "1-167-716-3904x0727", "city": "South Larissashire", "first_name": "Dellie", "last_name": "Huels", "subscribed": true, "zipcode": "01445", "state": "NJ", "special_notes": "Temporibus explicabo et sed architecto. Blanditiis consectetur omnis et aliquid et. Sed ipsam commodi vel quasi nihil omnis amet fugiat.", "address_line_2": "Apt. 732", "email": "cristi.kunde@toy.net", "address_line_1": "22421 Rudolfo Walk Apt. 079"}, "model": "zipcode.customer", "pk": 14664}, {"fields": {"phone_number": "(559)970-0174x0887", "city": "North Dequan", "first_name": "Pearline", "last_name": "Carter", "subscribed": true, "zipcode": "28188-9439", "state": "GU", "special_notes": "Quisquam velit deserunt dolor. Molestiae qui eaque consequuntur perferendis. Maxime est nam est aut magni nihil.", "address_line_2": "Apt. 406", "email": "lyric04@okunevaherman.net", "address_line_1": "647 Howe Forges Apt. 692"}, "model": "zipcode.customer", "pk": 14666}, {"fields": {"phone_number": "(836)261-7300", "city": "Shandaview", "first_name": "Vicente", "last_name": "Quitzon", "subscribed": true, "zipcode": "52497-6056", "state": "IN", "special_notes": "Sint voluptate voluptas et maiores omnis porro. Corporis est natus in qui quo delectus. Voluptatem corporis autem eum.", "address_line_2": "Apt. 479", "email": "corwin.columbia@gmail.com", "address_line_1": "319 Stracke Spur"}, "model": "zipcode.customer", "pk": 14670}, {"fields": {"phone_number": "(978)740-1906", "city": "East Olene", "first_name": "Ebony", "last_name": "Okuneva", "subscribed": true, "zipcode": "25566-2852", "state": "AK", "special_notes": "Et explicabo dolore tempora aspernatur cum repellat eum quasi. Voluptas non ut atque et debitis possimus. Velit repellat dolorum porro nihil.", "address_line_2": "Apt. 735", "email": "camisha.kling@yahoo.com", "address_line_1": "28695 Cherie Port"}, "model": "zipcode.customer", "pk": 14677}, {"fields": {"phone_number": "528.159.4931x714", "city": "Port Rachealshire", "first_name": "Carol", "last_name": "Greenholt", "subscribed": true, "zipcode": "14578", "state": "PR", "special_notes": "Sunt sit praesentium temporibus incidunt soluta qui. Ipsa voluptatem perspiciatis eveniet beatae. Suscipit exercitationem veritatis quia provident repellendus recusandae molestias. Fugit adipisci deleniti laudantium odio nisi enim.", "address_line_2": "Suite 624", "email": "fcrist@yahoo.com", "address_line_1": "21137 Kiehn Green"}, "model": "zipcode.customer", "pk": 14678}, {"fields": {"phone_number": "1-881-576-8984x137", "city": "Andonland", "first_name": "Aarav", "last_name": "Rogahn", "subscribed": true, "zipcode": "13524-8484", "state": "WV", "special_notes": "Ex error non perspiciatis odio earum perferendis odio. Rerum dicta non natus. Veritatis quod non voluptas architecto. Ut accusamus adipisci quibusdam et saepe quaerat et.", "address_line_2": "Suite 023", "email": "wesley.kuhlman@yahoo.com", "address_line_1": "1152 Haag Viaduct"}, "model": "zipcode.customer", "pk": 14695}, {"fields": {"phone_number": "1-838-458-6345x8424", "city": "Mahalafort", "first_name": "Lorrayne", "last_name": "Bartell", "subscribed": true, "zipcode": "58308", "state": "AK", "special_notes": "Officia sit voluptatibus consectetur ipsum harum. Enim voluptatem enim possimus.", "address_line_2": "Apt. 315", "email": "elle80@hyatt.net", "address_line_1": "4183 Ritchie Village Suite 147"}, "model": "zipcode.customer", "pk": 14740}, {"fields": {"phone_number": "789.422.4952x3834", "city": "Smithbury", "first_name": "Charolette", "last_name": "Bernhard", "subscribed": true, "zipcode": "72481", "state": "IL", "special_notes": "Aperiam vitae sed esse itaque voluptas cum. Fugit et quisquam delectus vel. Harum qui officiis qui quae quod corrupti.", "address_line_2": "Apt. 131", "email": "erasmo28@harris.com", "address_line_1": "930 Gutkowski Ports"}, "model": "zipcode.customer", "pk": 14759}, {"fields": {"customer": 14018, "repair": false, "requested": true, "installation": true, "firstname": 1, "end_date": "2015-10-20T22:59:00", "title": "Dolor minus nesciunt quod enim consequatur quam nisi.", "completed": false, "value_care": false, "emergency": false, "all_day": true, "location": [], "maintenance": true, "cancelled": false, "estimate": true, "start_date": "2015-10-18T12:24:00", "pending": false, "description": "Nobis velit aut sunt placeat ducimus sit voluptas. Voluptatibus accusamus veritatis recusandae quibusdam inventore deserunt quasi. Voluptatem est odit perferendis temporibus hic."}, "model": "zipcode.contractorschedule", "pk": 98}, {"fields": {"customer": 14022, "repair": false, "requested": true, "installation": false, "firstname": 1, "end_date": "2015-10-26T05:55:00", "title": "Excepturi cupiditate beatae repudiandae exercitationem.", "completed": false, "value_care": false, "emergency": false, "all_day": true, "location": [], "maintenance": true, "cancelled": false, "estimate": false, "start_date": "2015-10-24T22:06:00", "pending": false, "description": "Ea recusandae repellat impedit doloribus placeat. Ipsam quo at velit voluptas. Explicabo rerum animi voluptas rem sit dolores."}, "model": "zipcode.contractorschedule", "pk": 99}, {"fields": {"customer": 14026, "repair": false, "requested": true, "installation": false, "firstname": 2, "end_date": "2015-10-28T02:07:00", "title": "Aut quod ducimus quae esse molestiae et saepe.", "completed": false, "value_care": false, "emergency": false, "all_day": true, "location": [], "maintenance": true, "cancelled": false, "estimate": true, "start_date": "2015-10-19T13:51:00", "pending": false, "description": "Culpa facilis est quidem sit nesciunt. Et natus quo similique quo et. Aperiam eveniet inventore voluptatem doloribus provident."}, "model": "zipcode.contractorschedule", "pk": 100}, {"fields": {"customer": 14029, "repair": true, "requested": true, "installation": false, "firstname": 1, "end_date": "2015-10-16T23:05:00", "title": "Doloremque quasi similique quod magnam quisquam.", "completed": false, "value_care": false, "emergency": false, "all_day": false, "location": [], "maintenance": false, "cancelled": false, "estimate": true, "start_date": "2015-10-16T13:43:00", "pending": false, "description": "Rerum voluptatem atque voluptates reiciendis debitis at qui. Quae et qui consequatur unde. Et itaque quo perspiciatis voluptatum."}, "model": "zipcode.contractorschedule", "pk": 101}, {"fields": {"customer": 14034, "repair": true, "requested": true, "installation": true, "firstname": 1, "end_date": "2015-10-29T16:02:00", "title": "Odit debitis vel nemo deleniti dolores non voluptas earum.", "completed": false, "value_care": false, "emergency": false, "all_day": true, "location": [], "maintenance": true, "cancelled": false, "estimate": true, "start_date": "2015-10-27T22:43:00", "pending": false, "description": "Nihil iure nihil suscipit delectus et. Nisi corporis ut dolores et. Voluptatem est accusantium nam omnis."}, "model": "zipcode.contractorschedule", "pk": 102}, {"fields": {"customer": 14040, "repair": false, "requested": true, "installation": true, "firstname": 2, "end_date": "2015-10-13T05:07:00", "title": "Ut nobis excepturi itaque dolorem et.", "completed": false, "value_care": false, "emergency": false, "all_day": true, "location": [], "maintenance": false, "cancelled": false, "estimate": false, "start_date": "2015-10-09T23:46:00", "pending": false, "description": "Dignissimos sed molestiae nesciunt occaecati et inventore consectetur odio. Minus nihil nemo quibusdam autem ut numquam eaque. Quasi dolorem itaque in facilis odit voluptatem quidem nulla. Rem esse delectus exercitationem."}, "model": "zipcode.contractorschedule", "pk": 103}, {"fields": {"customer": 14041, "repair": false, "requested": true, "installation": false, "firstname": 2, "end_date": "2015-10-30T05:44:00", "title": "Suscipit eum dolorum dolor quo impedit.", "completed": false, "value_care": false, "emergency": false, "all_day": true, "location": [], "maintenance": false, "cancelled": false, "estimate": true, "start_date": "2015-10-29T14:19:00", "pending": false, "description": "Rerum sit quasi doloremque illum. Veritatis iste accusamus sit laboriosam recusandae sed accusamus quae."}, "model": "zipcode.contractorschedule", "pk": 104}, {"fields": {"customer": 14048, "repair": false, "requested": true, "installation": true, "firstname": 2, "end_date": "2015-10-06T06:37:00", "title": "At totam ut et magnam laboriosam.", "completed": false, "value_care": false, "emergency": false, "all_day": true, "location": [], "maintenance": true, "cancelled": false, "estimate": false, "start_date": "2015-10-04T06:15:00", "pending": false, "description": "Consequatur ad quia id quia nihil quibusdam perspiciatis. Soluta et nostrum sit illum eius minima. Qui eos aliquid itaque error. Ut modi amet esse molestiae ducimus. A harum possimus accusamus quia amet itaque."}, "model": "zipcode.contractorschedule", "pk": 105}, {"fields": {"customer": 14074, "repair": true, "requested": true, "installation": true, "firstname": 1, "end_date": "2015-10-31T13:54:00", "title": "Voluptatem eum ex nesciunt sapiente culpa sunt.", "completed": false, "value_care": false, "emergency": false, "all_day": true, "location": [], "maintenance": true, "cancelled": false, "estimate": false, "start_date": "2015-10-31T10:29:00", "pending": false, "description": "Quia maiores autem sit est quisquam dolorem. Numquam est enim debitis sunt praesentium eum soluta eligendi. Nisi qui architecto saepe qui sit."}, "model": "zipcode.contractorschedule", "pk": 106}, {"fields": {"customer": 14075, "repair": false, "requested": true, "installation": false, "firstname": 2, "end_date": "2015-10-31T21:07:00", "title": "Ducimus nostrum molestiae laboriosam earum.", "completed": false, "value_care": false, "emergency": false, "all_day": true, "location": [], "maintenance": false, "cancelled": false, "estimate": true, "start_date": "2015-10-31T01:44:00", "pending": false, "description": "Omnis neque minus praesentium necessitatibus. Nihil quo a nisi totam qui quis esse. Delectus quod laudantium minus voluptatem molestiae dolor."}, "model": "zipcode.contractorschedule", "pk": 107}, {"fields": {"customer": 14124, "repair": true, "requested": true, "installation": true, "firstname": 1, "end_date": "2015-10-11T20:34:00", "title": "At ut aliquid exercitationem doloribus quis.", "completed": false, "value_care": false, "emergency": false, "all_day": true, "location": [], "maintenance": false, "cancelled": false, "estimate": false, "start_date": "2015-10-04T12:18:00", "pending": false, "description": "Nam rem ducimus iste ab. Odio dolores ut quod est pariatur et ut. Illum doloremque ad soluta in labore esse ipsa aut. Minus ut distinctio natus cumque."}, "model": "zipcode.contractorschedule", "pk": 108}, {"fields": {"customer": 14173, "repair": false, "requested": true, "installation": true, "firstname": 1, "end_date": "2015-10-15T08:27:00", "title": "Soluta vitae sapiente perspiciatis qui.", "completed": false, "value_care": false, "emergency": false, "all_day": true, "location": [], "maintenance": false, "cancelled": false, "estimate": true, "start_date": "2015-10-11T20:54:00", "pending": false, "description": "Sit unde nam corrupti debitis. Consequatur et et qui molestiae doloribus necessitatibus id voluptate. Perspiciatis necessitatibus ut sit."}, "model": "zipcode.contractorschedule", "pk": 109}, {"fields": {"customer": 14174, "repair": false, "requested": true, "installation": true, "firstname": 1, "end_date": "2015-10-15T20:43:00", "title": "Temporibus non nesciunt quaerat molestiae.", "completed": false, "value_care": false, "emergency": false, "all_day": true, "location": [], "maintenance": false, "cancelled": false, "estimate": true, "start_date": "2015-10-15T16:44:00", "pending": false, "description": "Tenetur quos velit suscipit. Voluptatem quibusdam delectus voluptatem necessitatibus. Ea ad et ut inventore aliquid."}, "model": "zipcode.contractorschedule", "pk": 110}, {"fields": {"customer": 14225, "repair": false, "requested": true, "installation": true, "firstname": 1, "end_date": "2015-10-30T14:17:00", "title": "Placeat vel dolorem et.", "completed": false, "value_care": false, "emergency": false, "all_day": true, "location": [], "maintenance": false, "cancelled": false, "estimate": true, "start_date": "2015-10-30T08:14:00", "pending": false, "description": "Est vero quae repudiandae eos. Cumque molestiae voluptas ea exercitationem aut et animi occaecati. Iure sit enim id nesciunt dolorum dolorum. Nesciunt officiis aut porro architecto perspiciatis quisquam in. Dolor rerum quia harum doloremque est."}, "model": "zipcode.contractorschedule", "pk": 111}, {"fields": {"customer": 14314, "repair": true, "requested": true, "installation": false, "firstname": 1, "end_date": "2015-10-04T06:52:00", "title": "Quia autem exercitationem magni quibusdam et dignissimos laborum.", "completed": false, "value_care": false, "emergency": false, "all_day": true, "location": [], "maintenance": false, "cancelled": false, "estimate": true, "start_date": "2015-10-01T00:32:00", "pending": false, "description": "Assumenda voluptates iure magnam eaque. Nisi explicabo consequatur eveniet aliquid sunt. Sapiente eos quis corporis magni et ut magni."}, "model": "zipcode.contractorschedule", "pk": 112}, {"fields": {"customer": 14347, "repair": true, "requested": true, "installation": true, "firstname": 2, "end_date": "2015-10-08T12:57:00", "title": "Sit tenetur dicta et consectetur animi vel.", "completed": false, "value_care": false, "emergency": false, "all_day": true, "location": [], "maintenance": false, "cancelled": false, "estimate": true, "start_date": "2015-10-08T05:44:00", "pending": false, "description": "Totam molestiae quae error animi soluta deleniti. Ut accusantium amet velit minima. Perferendis dolor aut consequatur saepe distinctio molestias incidunt."}, "model": "zipcode.contractorschedule", "pk": 113}, {"fields": {"customer": 14354, "repair": false, "requested": true, "installation": true, "firstname": 2, "end_date": "2015-10-16T19:27:00", "title": "Veniam amet aliquid nihil voluptas et atque.", "completed": false, "value_care": false, "emergency": false, "all_day": true, "location": [], "maintenance": false, "cancelled": false, "estimate": false, "start_date": "2015-10-13T07:38:00", "pending": false, "description": "Omnis et voluptatem facilis maiores doloremque itaque. Vitae iste neque repellendus dolores hic. Pariatur quisquam quia fugiat accusantium nulla est ducimus."}, "model": "zipcode.contractorschedule", "pk": 114}, {"fields": {"customer": 14471, "repair": true, "requested": true, "installation": true, "firstname": 1, "end_date": "2015-10-23T13:38:00", "title": "Quaerat soluta exercitationem occaecati sit.", "completed": false, "value_care": false, "emergency": false, "all_day": true, "location": [], "maintenance": false, "cancelled": false, "estimate": false, "start_date": "2015-10-22T10:45:00", "pending": false, "description": "Nisi eveniet rerum odio autem aperiam. Nemo reprehenderit voluptatem quasi unde architecto accusantium. Et est a sit eveniet et. Non ut corrupti optio."}, "model": "zipcode.contractorschedule", "pk": 115}, {"fields": {"customer": 14558, "repair": true, "requested": true, "installation": true, "firstname": 2, "end_date": "2015-10-29T01:04:00", "title": "Dignissimos ipsa quas corrupti asperiores maiores dolorum.", "completed": false, "value_care": false, "emergency": false, "all_day": true, "location": [], "maintenance": false, "cancelled": false, "estimate": true, "start_date": "2015-10-28T04:08:00", "pending": false, "description": "Numquam sit libero qui similique autem eum. Eligendi est hic ut laborum et. Asperiores et praesentium quis voluptate illum."}, "model": "zipcode.contractorschedule", "pk": 116}, {"fields": {"customer": 14652, "repair": true, "requested": true, "installation": false, "firstname": 2, "end_date": "2015-11-30T02:04:00", "title": "Assumenda reprehenderit officia sunt eligendi et et.", "completed": false, "value_care": false, "emergency": false, "all_day": true, "location": [], "maintenance": true, "cancelled": false, "estimate": true, "start_date": "2015-11-26T02:23:00", "pending": false, "description": "Delectus suscipit voluptatem earum rerum non necessitatibus qui minus. Veniam soluta velit eius voluptatem. Facere voluptas ea corrupti officiis non."}, "model": "zipcode.contractorschedule", "pk": 117}, {"fields": {"customer": 14653, "repair": false, "requested": true, "installation": true, "firstname": 2, "end_date": "2015-11-08T07:23:00", "title": "Placeat expedita eveniet minus incidunt ut fuga.", "completed": false, "value_care": false, "emergency": false, "all_day": true, "location": [], "maintenance": true, "cancelled": false, "estimate": true, "start_date": "2015-11-02T05:12:00", "pending": false, "description": "Rerum sint eos reiciendis quasi et adipisci doloribus. Maiores a et velit. Ut voluptatem exercitationem id sed veniam libero. Quia a omnis iusto eos."}, "model": "zipcode.contractorschedule", "pk": 118}, {"fields": {"customer": 14655, "repair": false, "requested": true, "installation": false, "firstname": 1, "end_date": "2015-11-25T02:28:00", "title": "Dolorum et saepe exercitationem ut modi sit.", "completed": false, "value_care": false, "emergency": false, "all_day": true, "location": [], "maintenance": true, "cancelled": false, "estimate": false, "start_date": "2015-11-16T14:36:00", "pending": false, "description": "Voluptas sed repellendus asperiores qui. Impedit veritatis ab eum. Sunt mollitia dignissimos qui ea sit qui et."}, "model": "zipcode.contractorschedule", "pk": 119}, {"fields": {"customer": 14659, "repair": false, "requested": true, "installation": false, "firstname": 2, "end_date": "2015-11-16T09:00:00", "title": "Cumque cupiditate est ab ea non.", "completed": false, "value_care": false, "emergency": false, "all_day": true, "location": [], "maintenance": false, "cancelled": false, "estimate": false, "start_date": "2015-11-11T16:04:00", "pending": false, "description": "Ut modi omnis dolor ut nulla iste. Et hic non autem consequatur ut. Minus excepturi tenetur nostrum veniam. Maiores maxime dolores accusamus fugit itaque suscipit."}, "model": "zipcode.contractorschedule", "pk": 120}, {"fields": {"customer": 14660, "repair": false, "requested": true, "installation": false, "firstname": 1, "end_date": "2015-11-29T13:18:00", "title": "Veritatis vel et nisi quis dolorem labore sunt.", "completed": false, "value_care": false, "emergency": false, "all_day": false, "location": [], "maintenance": true, "cancelled": false, "estimate": false, "start_date": "2015-11-29T00:34:00", "pending": false, "description": "Nostrum quis et aut et error vitae dolorum. Provident qui quia laudantium est alias est. Est sit odit sint animi. Necessitatibus repellat qui aut reprehenderit reprehenderit."}, "model": "zipcode.contractorschedule", "pk": 121}, {"fields": {"customer": 14664, "repair": true, "requested": true, "installation": false, "firstname": 1, "end_date": "2015-11-26T21:13:00", "title": "Rerum consequatur voluptatem aperiam ipsum distinctio vero.", "completed": false, "value_care": false, "emergency": false, "all_day": false, "location": [], "maintenance": true, "cancelled": false, "estimate": true, "start_date": "2015-11-26T18:04:00", "pending": false, "description": "Culpa vitae minus magni et tempora incidunt magnam. Modi repudiandae vel exercitationem. Non commodi a omnis est corrupti quis impedit."}, "model": "zipcode.contractorschedule", "pk": 122}, {"fields": {"customer": 14666, "repair": false, "requested": true, "installation": true, "firstname": 1, "end_date": "2015-11-06T18:59:00", "title": "Voluptatem aut eum molestiae ex unde.", "completed": false, "value_care": false, "emergency": false, "all_day": false, "location": [], "maintenance": true, "cancelled": false, "estimate": false, "start_date": "2015-11-06T14:03:00", "pending": false, "description": "Sequi deleniti modi est possimus dolorem est soluta unde. Nihil facere voluptatum reiciendis iste voluptas sunt animi."}, "model": "zipcode.contractorschedule", "pk": 123}, {"fields": {"customer": 14670, "repair": false, "requested": true, "installation": true, "firstname": 2, "end_date": "2015-11-18T22:30:00", "title": "Odio quasi hic et ea.", "completed": false, "value_care": false, "emergency": false, "all_day": true, "location": [], "maintenance": false, "cancelled": false, "estimate": false, "start_date": "2015-11-18T15:41:00", "pending": false, "description": "Modi non dignissimos aliquid sint ex quam. Delectus velit mollitia aperiam deleniti quasi aut veniam. Non inventore odio sed minus et aut voluptas. Veritatis ut at eligendi ut repudiandae et et."}, "model": "zipcode.contractorschedule", "pk": 124}, {"fields": {"customer": 14677, "repair": false, "requested": true, "installation": false, "firstname": 1, "end_date": "2015-11-14T18:32:00", "title": "Incidunt ipsa voluptas est reiciendis.", "completed": false, "value_care": false, "emergency": false, "all_day": false, "location": [], "maintenance": false, "cancelled": false, "estimate": true, "start_date": "2015-11-14T13:56:00", "pending": false, "description": "Voluptatibus culpa repellat ea alias debitis aut. Corporis saepe quibusdam ut vel occaecati eum nemo tempora. Nesciunt tempora voluptas provident et enim placeat dolorum. Vel asperiores dolorem quaerat sunt."}, "model": "zipcode.contractorschedule", "pk": 125}, {"fields": {"customer": 14678, "repair": true, "requested": true, "installation": false, "firstname": 1, "end_date": "2015-11-28T16:48:00", "title": "Facilis dolor quos et et voluptatum earum.", "completed": false, "value_care": false, "emergency": false, "all_day": true, "location": [], "maintenance": true, "cancelled": false, "estimate": true, "start_date": "2015-11-28T02:21:00", "pending": false, "description": "Quia quia aut ullam tempora. Rerum illum et quidem sed. Est mollitia soluta totam doloribus ut."}, "model": "zipcode.contractorschedule", "pk": 126}, {"fields": {"customer": 14695, "repair": false, "requested": true, "installation": true, "firstname": 2, "end_date": "2015-11-22T14:13:00", "title": "Fugit blanditiis numquam ullam dolore odio et hic.", "completed": false, "value_care": false, "emergency": false, "all_day": true, "location": [], "maintenance": false, "cancelled": false, "estimate": true, "start_date": "2015-11-21T15:26:00", "pending": false, "description": "Odio pariatur aut perspiciatis earum rerum consectetur deleniti. Repudiandae qui quia illum voluptatem enim necessitatibus cupiditate voluptatem. Quo sed quis repellendus nobis velit et ipsa eligendi."}, "model": "zipcode.contractorschedule", "pk": 127}, {"fields": {"customer": 14740, "repair": true, "requested": true, "installation": false, "firstname": 2, "end_date": "2015-11-30T21:52:00", "title": "Fugit asperiores illo libero autem id occaecati vel non.", "completed": false, "value_care": false, "emergency": false, "all_day": true, "location": [], "maintenance": true, "cancelled": false, "estimate": false, "start_date": "2015-11-30T18:11:00", "pending": false, "description": "Architecto veniam sed impedit tempore. Ut tenetur nam eius omnis nisi sed. Dicta delectus vero accusamus ut ratione."}, "model": "zipcode.contractorschedule", "pk": 128}, {"fields": {"prefered_starting_hours": "09:00:00", "weekends": false, "anytime": false, "contractor": 1, "prefered_ending_hours": "17:00:00", "evenings": false, "prefered_zipcodes": "84115"}, "model": "zipcode.availability", "pk": 1}, {"fields": {"prefered_starting_hours": "00:00:00", "weekends": false, "anytime": false, "contractor": 2, "prefered_ending_hours": "23:00:00", "evenings": false, "prefered_zipcodes": "84108"}, "model": "zipcode.availability", "pk": 2}, {"fields": {"city": "Salt Lake City", "name": "Sugarhouse", "country": "", "zipcode": "84105", "state": "UT", "address_line_2": "", "address_line_3": "", "address_line_1": ""}, "model": "zipcode.location", "pk": 1}, {"fields": {"caption": "Doloremque earum ullam sed non. Iure autem quos voluptates quo repellat autem. Fugiat et provident minima consequatur maxime non.", "testimonial": 45}, "model": "zipcode.gallery", "pk": 22}, {"fields": {"caption": "Sint aut vel aut temporibus alias sunt nemo sit. Odio maiores facilis sit magnam repellendus soluta. Nemo similique voluptates vel excepturi assumenda aut. Qui quos sint in ea sed. Eveniet inventore in nam placeat sed voluptatibus.", "testimonial": 46}, "model": "zipcode.gallery", "pk": 23}, {"fields": {"caption": "Quod repudiandae ut doloribus ex corporis expedita pariatur. Occaecati magni fugiat rerum. Eaque quia et impedit recusandae enim velit autem. Laboriosam maiores non similique consequuntur.", "testimonial": 47}, "model": "zipcode.gallery", "pk": 24}, {"fields": {"caption": "Dolorum ex sint autem modi dolor consequatur dolor. Natus rerum eos fugit officia. Nulla omnis quia eveniet corrupti.", "testimonial": 48}, "model": "zipcode.gallery", "pk": 25}, {"fields": {"caption": "Minima cupiditate non voluptas dolores magni quisquam. Porro quibusdam qui doloribus dolor. Quis voluptatum consequatur perferendis amet sed et nemo. Enim officia minima debitis aut ullam vel.", "testimonial": 49}, "model": "zipcode.gallery", "pk": 26}, {"fields": {"caption": "Praesentium vero beatae ex labore ut commodi aut. Unde ratione nesciunt est aut quas vel. Optio inventore odit sunt doloribus aut enim earum.", "testimonial": 50}, "model": "zipcode.gallery", "pk": 27}, {"fields": {"caption": "Et eum distinctio quam sunt assumenda. Sit hic sint numquam quo. Praesentium distinctio ea corporis sapiente. Repellendus reprehenderit vitae amet laudantium tempora eius eligendi.", "testimonial": 51}, "model": "zipcode.gallery", "pk": 28}, {"fields": {"caption": "Sapiente et eius repudiandae enim blanditiis rem eum. Cumque quam id omnis et.", "testimonial": 52}, "model": "zipcode.gallery", "pk": 29}, {"fields": {"caption": "Nemo incidunt deserunt quis magnam accusantium. Quia sit dolores sapiente. Ut laboriosam et quisquam autem. Quia facilis enim ad dolores ipsum deserunt nihil.", "testimonial": 53}, "model": "zipcode.gallery", "pk": 30}, {"fields": {"caption": "Ut voluptates mollitia suscipit. Nobis quaerat neque odio quae ut dolorem. Impedit culpa rerum quos consequatur illum aut. Quas ut itaque rerum aut quisquam.", "testimonial": 54}, "model": "zipcode.gallery", "pk": 31}, {"fields": {"caption": "Nobis consectetur in vel quam. Et sunt aperiam aliquam nihil nemo repellendus aut. Maxime a nihil odit voluptate molestiae non ex. Amet nihil error dolorem. Qui nam quidem earum quis.", "testimonial": 55}, "model": "zipcode.gallery", "pk": 32}, {"fields": {"caption": "Laboriosam fuga molestias molestiae aut dolor. Omnis cum sint quidem et voluptatibus quos quis.", "testimonial": 56}, "model": "zipcode.gallery", "pk": 33}, {"fields": {"caption": "A enim quia ut consectetur atque fugiat. Eveniet velit qui quisquam iusto nulla voluptatem. Praesentium debitis temporibus asperiores inventore et. Minima ut neque voluptatem quod adipisci.", "testimonial": 57}, "model": "zipcode.gallery", "pk": 34}, {"fields": {"caption": "Hic aut omnis cum eaque atque. Occaecati et repudiandae est praesentium ullam dignissimos repellat. Ad quis non ea quisquam explicabo necessitatibus. Id assumenda dolorem repudiandae quas sequi.", "testimonial": 58}, "model": "zipcode.gallery", "pk": 35}, {"fields": {"caption": "Enim enim sunt nihil et. Velit quaerat quam odit quibusdam. Dolorem non aut minima odit repudiandae.", "testimonial": 59}, "model": "zipcode.gallery", "pk": 36}, {"fields": {"caption": "Ullam vero doloremque quisquam voluptate. Repudiandae qui aut et voluptate cum eos. Aut et rerum rem eius esse suscipit. Consequuntur ut unde voluptates nesciunt.", "testimonial": 60}, "model": "zipcode.gallery", "pk": 37}, {"fields": {"caption": "Eos eos aliquam culpa et officia enim vel. Aliquid numquam et perspiciatis autem velit aut. Corrupti sunt sunt blanditiis omnis porro. Laboriosam beatae id non a.", "testimonial": 61}, "model": "zipcode.gallery", "pk": 38}, {"fields": {"caption": "Something Different", "testimonial": 62}, "model": "zipcode.gallery", "pk": 39}, {"fields": {"caption": "Omnis impedit ut qui autem occaecati. At laboriosam voluptatum iusto est sit nemo explicabo. Explicabo aperiam veniam laborum. Unde cupiditate enim enim.", "testimonial": 63}, "model": "zipcode.gallery", "pk": 40}, {"fields": {"caption": "Laborum minima numquam consequuntur eos. Architecto est officiis temporibus id. Voluptates autem et earum.", "testimonial": 64}, "model": "zipcode.gallery", "pk": 41}, {"fields": {"caption": "Est facere magni nihil aut autem. Qui reprehenderit dolores nihil. Est velit ab qui neque commodi voluptatibus alias. Qui veritatis molestias repellat quia aliquam sed quasi.", "testimonial": 65}, "model": "zipcode.gallery", "pk": 42}, {"fields": {"caption": "Deleniti libero cum placeat animi magni illo quam odit. Et molestiae consequatur necessitatibus omnis eaque sequi. Sunt culpa eaque est libero. Consequatur doloribus est velit et ut eligendi quisquam.", "testimonial": 66}, "model": "zipcode.gallery", "pk": 43}, {"fields": {"caption": "Suscipit doloribus enim numquam illo quo velit. Incidunt dignissimos veritatis sit temporibus aut provident dolore. Sint quia culpa commodi earum perferendis mollitia. Dolorum reprehenderit ut ut. Perspiciatis delectus quia alias.", "testimonial": 67}, "model": "zipcode.gallery", "pk": 44}, {"fields": {"caption": "Sunt repellat perferendis a rerum. Sit dolores modi laboriosam optio soluta voluptatibus. Dolorem omnis eaque qui placeat. Vel magni recusandae ipsam consequatur modi quia. Optio occaecati ipsam ut quaerat sit quae.", "testimonial": 68}, "model": "zipcode.gallery", "pk": 45}, {"fields": {"caption": "Libero ratione sit optio numquam. Tenetur totam non tenetur assumenda sunt. Consequuntur illo nisi suscipit.", "testimonial": 69}, "model": "zipcode.gallery", "pk": 46}, {"fields": {"caption": "Eaque corrupti unde libero similique ut optio enim. Laboriosam eligendi sunt aut eaque qui. Eum iusto earum dolorem voluptate. Aut ipsum quia dolor dolorem ab maxime.", "testimonial": 70}, "model": "zipcode.gallery", "pk": 47}, {"fields": {"caption": "Quia deleniti sint rerum quam dolores est. Laboriosam amet nulla ut incidunt beatae. In voluptas quo exercitationem saepe est. Unde similique laboriosam dolorem ducimus aut. Inventore mollitia est aut quo.", "testimonial": 71}, "model": "zipcode.gallery", "pk": 48}, {"fields": {"caption": "Est quaerat culpa magnam quidem rerum dolor. Sunt autem ipsa ex non impedit in sit.", "testimonial": 72}, "model": "zipcode.gallery", "pk": 49}, {"fields": {"caption": "Dicta voluptas non accusantium illum rerum. Est sint facere distinctio mollitia omnis est suscipit eum. Odio et omnis est eos ipsum vel sed. Similique eaque iure nisi sit. Ad quas itaque quo quibusdam dolore vel ipsum rerum.", "testimonial": 73}, "model": "zipcode.gallery", "pk": 50}, {"fields": {"caption": "Qui est sunt ea est quasi consequatur aperiam. Consequatur eum ratione ut expedita cumque perferendis. Excepturi fuga dolorem est autem voluptas cupiditate. Facilis ex eum quod alias optio ipsum.", "testimonial": 74}, "model": "zipcode.gallery", "pk": 51}, {"fields": {"customer": 14018, "socialtags": "@green", "approved_status": false, "hashtags": "#dignissimos", "customer_testimonial": "Debitis laboriosam nihil labore qui. Facilis animi architecto est fugiat ut similique voluptatem est. Ea non sed qui inventore. Qui hic quibusdam vero at.", "job_pic_url": "http://www.turcotte.com/index.htmlmain/explore/tag", "customer_date": "2015-10-22T20:37:45.946", "contractor": 1, "job": 98, "best_of": false, "cropping": "", "job_pic": "testimonial/2015/10/d/2037/lebowski_2.png"}, "model": "zipcode.testimonial", "pk": 45}, {"fields": {"customer": 14022, "socialtags": "@beierbrekke", "approved_status": false, "hashtags": "#ut", "customer_testimonial": "Saepe minus explicabo molestiae aliquid dolores quisquam. Nisi non ullam debitis facere sed. Quo voluptatem consequatur voluptatem voluptatibus. Maxime sed rerum et quis voluptates.", "job_pic_url": "http://webercruickshank.com/privacy.htmtags/blog", "customer_date": "2015-10-22T20:37:47.159", "contractor": 1, "job": 99, "best_of": false, "cropping": "", "job_pic": "testimonial/2015/10/d/2037/MV5BMTA3NzM0NzcwMTZeQTJeQWpwZ15BbWU3MDYyNTcyNzI._V1_SX640_SY720_.jpg"}, "model": "zipcode.testimonial", "pk": 46}, {"fields": {"customer": 14026, "socialtags": "@greenholt", "approved_status": false, "hashtags": "#accusamus", "customer_testimonial": "Veritatis aut nesciunt nulla recusandae. Exercitationem numquam quam debitis nostrum ea ut aut. Blanditiis omnis tempore quasi velit ipsum possimus nobis.", "job_pic_url": "http://www.roobkuhic.com/categories/search/app", "customer_date": "2015-10-22T20:37:48.542", "contractor": 2, "job": 100, "best_of": false, "cropping": "", "job_pic": "testimonial/2015/10/d/2037/F-it-the-big-lebowski-35141579-1328-720.png"}, "model": "zipcode.testimonial", "pk": 47}, {"fields": {"customer": 14029, "socialtags": "@brekke", "approved_status": false, "hashtags": "#ea", "customer_testimonial": "Eos illum esse perspiciatis enim ipsa ex. Dolores mollitia molestias ab. Ad dignissimos voluptatibus est.", "job_pic_url": "http://www.marvin.info/posts/explore", "customer_date": "2015-10-22T20:37:49.853", "contractor": 1, "job": 101, "best_of": false, "cropping": "", "job_pic": "testimonial/2015/10/d/2037/big-lebowski-still-hr-12.jpg"}, "model": "zipcode.testimonial", "pk": 48}, {"fields": {"customer": 14034, "socialtags": "@monahan", "approved_status": true, "hashtags": "#voluptas", "customer_testimonial": "Labore ut ut aut culpa. Incidunt aperiam consequuntur aperiam rerum quos cupiditate. Exercitationem consequatur sed consequatur minima. Dolor a et facere aut id consectetur fugit vel. Soluta hic velit beatae.", "job_pic_url": "http://parkerberge.com/posts/post.htmwp-content/category", "customer_date": "2015-10-22T20:37:51.287", "contractor": 1, "job": 102, "best_of": false, "cropping": "", "job_pic": "testimonial/2015/10/d/2037/MV5BMTA3NzM0NzcwMTZeQTJeQWpwZ15BbWU3MDYyNTcyNzI._V1_SX640_SY720__KqC5pev.jpg"}, "model": "zipcode.testimonial", "pk": 49}, {"fields": {"customer": 14041, "socialtags": "@jaskolskiturcotte", "approved_status": true, "hashtags": "#nesciunt", "customer_testimonial": "Minima aut quos qui suscipit minima corrupti optio sit. Illum magni reprehenderit inventore adipisci nemo nihil dicta. Sequi ea in unde temporibus cupiditate. Error debitis quia eum neque aut illum repudiandae.", "job_pic_url": "http://eichmannwalter.com/tags/posts/search", "customer_date": "2015-10-22T20:38:09.423", "contractor": 2, "job": 104, "best_of": false, "cropping": "", "job_pic": "testimonial/2015/10/d/2038/F-it-the-big-lebowski-35141579-1328-720.png"}, "model": "zipcode.testimonial", "pk": 50}, {"fields": {"customer": 14048, "socialtags": "@hahndurgan", "approved_status": true, "hashtags": "#architecto", "customer_testimonial": "Eligendi beatae voluptatem aut repudiandae aperiam similique alias. Qui eveniet saepe modi quae officia id libero. In dignissimos sunt atque est. Ipsam quidem suscipit excepturi sint quae id ratione.", "job_pic_url": "http://www.muller.com/wp-content/main", "customer_date": "2015-10-22T20:38:11.611", "contractor": 2, "job": 105, "best_of": false, "cropping": "", "job_pic": "testimonial/2015/10/d/2038/big-lebowski-still-hr-12.jpg"}, "model": "zipcode.testimonial", "pk": 51}, {"fields": {"customer": 14074, "socialtags": "@lynch", "approved_status": false, "hashtags": "#dolorem", "customer_testimonial": "Est animi illum quis velit neque. In temporibus natus quae maxime numquam id. Inventore exercitationem voluptatum dolores et. Ratione est et delectus non est sunt ad.", "job_pic_url": "http://kling.com/app/search/list", "customer_date": "2015-10-22T20:38:19.540", "contractor": 1, "job": 106, "best_of": false, "cropping": "692,0,2071,1838", "job_pic": "testimonial/2015/10/d/2038/big-lebowski-still-hr-12_9iitiuS.jpg"}, "model": "zipcode.testimonial", "pk": 52}, {"fields": {"customer": 14075, "socialtags": "@mcclure", "approved_status": true, "hashtags": "#aut", "customer_testimonial": "Sint temporibus error repudiandae itaque. Facere placeat assumenda quis eveniet facilis qui. Sint a accusamus facere dignissimos animi provident. Facilis aliquid fuga consequatur voluptatem ut nam.", "job_pic_url": "http://effertzauer.org/tag/tags/post.htmltags/app/posts", "customer_date": "2015-10-22T20:38:20.078", "contractor": 2, "job": 107, "best_of": false, "cropping": "", "job_pic": "testimonial/2015/10/d/2038/20130429-lens-bridges-slide-VZHZ-superJumbo.jpg"}, "model": "zipcode.testimonial", "pk": 53}, {"fields": {"customer": 14124, "socialtags": "@beierrenner", "approved_status": true, "hashtags": "#repellendus", "customer_testimonial": "Sit et quasi quisquam neque neque pariatur. Deleniti et exercitationem distinctio consequatur illum aut tenetur. Commodi et sint omnis rerum non voluptatem.", "job_pic_url": "http://www.maggio.org/homepage.aspexplore/tags/tag", "customer_date": "2015-10-22T20:38:33.853", "contractor": 1, "job": 108, "best_of": false, "cropping": "297,0,1056,1013", "job_pic": "testimonial/2015/10/d/2038/Sam-Elliott-image-sam-elliott-36212661-1349-1013.jpg"}, "model": "zipcode.testimonial", "pk": 54}, {"fields": {"customer": 14173, "socialtags": "@gleason", "approved_status": false, "hashtags": "#ut", "customer_testimonial": "Dolor mollitia esse laboriosam. Aspernatur autem aut sequi nisi minima nihil delectus. Deleniti vel quo rerum aliquid ad minus. Nesciunt eos officiis dignissimos.", "job_pic_url": "http://ondricka.info/categories/post.jspwp-content", "customer_date": "2015-10-22T20:38:46.805", "contractor": 1, "job": 109, "best_of": false, "cropping": "347,0,657,414", "job_pic": "testimonial/2015/10/d/2038/lebowski_2.png"}, "model": "zipcode.testimonial", "pk": 55}, {"fields": {"customer": 14174, "socialtags": "@mckenziebayer", "approved_status": false, "hashtags": "#odit", "customer_testimonial": "Aspernatur aperiam magnam id voluptatem. Alias ut quae eos. Quod enim recusandae odio aut voluptatem.", "job_pic_url": "http://www.flatley.info/index/categories/tags", "customer_date": "2015-10-22T20:38:47.398", "contractor": 1, "job": 110, "best_of": false, "cropping": "279,62,774,720", "job_pic": "testimonial/2015/10/d/2038/F-it-the-big-lebowski-35141579-1328-720_sQiN03w.png"}, "model": "zipcode.testimonial", "pk": 56}, {"fields": {"customer": 14225, "socialtags": "@kleinschmitt", "approved_status": false, "hashtags": "#aut", "customer_testimonial": "Dolores exercitationem eum illo in. Sit atque neque fugit itaque cum. Id quod reiciendis ut est eos asperiores. Corrupti dolores facere quia consequatur exercitationem magni repellat consequatur.", "job_pic_url": "http://crona.com/about/blog/categories/app", "customer_date": "2015-10-22T20:39:02.745", "contractor": 1, "job": 111, "best_of": false, "cropping": "1154,0,1824,895", "job_pic": "testimonial/2015/10/d/2039/20130429-lens-bridges-slide-VZHZ-superJumbo.jpg"}, "model": "zipcode.testimonial", "pk": 57}, {"fields": {"customer": 14314, "socialtags": "@paucekprohaska", "approved_status": false, "hashtags": "#accusantium", "customer_testimonial": "Quae esse nam facilis rerum culpa. Nam aperiam officia sit. Ut laborum id quam excepturi.", "job_pic_url": "http://www.mayerbarrows.com/categories/list/privacy/tag/posts/posts", "customer_date": "2015-10-22T20:39:24.991", "contractor": 1, "job": 112, "best_of": false, "cropping": "162,0,836,900", "job_pic": "testimonial/2015/10/d/2039/Sam-Elliott-image-sam-elliott-36212661-1349-1013.jpg"}, "model": "zipcode.testimonial", "pk": 58}, {"fields": {"customer": 14347, "socialtags": "@bode", "approved_status": false, "hashtags": "#voluptatem", "customer_testimonial": "Accusamus nihil necessitatibus ipsum velit enim corrupti. Laborum dolore vero et enim assumenda expedita praesentium. Aut qui distinctio sit voluptatem recusandae harum. Doloremque minus voluptate qui iure animi odit. Iusto et officia et et quidem optio pariatur.", "job_pic_url": "http://bayerbayer.com/index.aspmain/main", "customer_date": "2015-10-22T20:39:33.954", "contractor": 2, "job": 113, "best_of": false, "cropping": "38,90,235,352", "job_pic": "testimonial/2015/10/d/2039/MV5BMTQ1MTQxMzA2OV5BMl5BanBnXkFtZTcwMDM1NzI3Mg._V1_SX640_SY720_.jpg"}, "model": "zipcode.testimonial", "pk": 59}, {"fields": {"customer": 14354, "socialtags": "@cole", "approved_status": false, "hashtags": "#voluptatem", "customer_testimonial": "Molestiae sunt nostrum quasi ut placeat sit. Nesciunt laborum molestias architecto et doloremque reprehenderit. Minus aperiam ut nihil sed dolorem error nobis.", "job_pic_url": "http://bogansanford.net/search/app", "customer_date": "2015-10-22T20:39:36.078", "contractor": 2, "job": 114, "best_of": false, "cropping": "117,390,725,1201", "job_pic": "testimonial/2015/10/d/2039/The-Big-Lebowski-White-Russian.jpeg"}, "model": "zipcode.testimonial", "pk": 60}, {"fields": {"customer": 14471, "socialtags": "@block", "approved_status": true, "hashtags": "#et", "customer_testimonial": "Nesciunt molestiae illo sint soluta explicabo id id. Quibusdam totam non enim et repellat.", "job_pic_url": "http://quitzondietrich.com/main/app/tags/about.jsptags/tags/posts", "customer_date": "2015-10-22T20:40:07.578", "contractor": 1, "job": 115, "best_of": true, "cropping": "507,144,1131,977", "job_pic": "testimonial/2015/10/d/2040/The-Big-Lebowski-White-Russian.jpeg"}, "model": "zipcode.testimonial", "pk": 61}, {"fields": {"customer": 14558, "socialtags": "@stammdickens", "approved_status": true, "hashtags": "#et", "customer_testimonial": "Repellat sint qui magni. Itaque recusandae facere blanditiis similique quia. Quasi molestias non voluptatum cumque eum sequi perferendis. Repellendus fugiat quasi ut exercitationem.", "job_pic_url": "http://www.schiller.com/list/blog", "customer_date": "2015-10-22T20:40:28.816", "contractor": 2, "job": 116, "best_of": true, "cropping": "0,0,310,414", "job_pic": "testimonial/2015/10/d/2040/lebowski_2.png"}, "model": "zipcode.testimonial", "pk": 62}, {"fields": {"customer": 14652, "socialtags": "@waelchiklein", "approved_status": true, "hashtags": "#itaque", "customer_testimonial": "Deserunt totam enim id laborum placeat omnis et. Similique suscipit laudantium autem perferendis ipsam animi neque. Dolore autem nulla et cupiditate voluptatem voluptas quidem qui. Nostrum quam est omnis fuga sed in eligendi ut.", "job_pic_url": "http://sanfordwalsh.info/posts/category/explore/main/category/posts", "customer_date": "2015-11-03T16:22:13.617", "contractor": 2, "job": 117, "best_of": false, "cropping": "160,0,480,428", "job_pic": "testimonial/2015/11/d/1622/MV5BMTA3NzM0NzcwMTZeQTJeQWpwZ15BbWU3MDYyNTcyNzI._V1_SX640_SY720_.jpg"}, "model": "zipcode.testimonial", "pk": 63}, {"fields": {"customer": 14653, "socialtags": "@monahanoconnell", "approved_status": true, "hashtags": "#autem", "customer_testimonial": "Sequi cumque error sit et aspernatur est sint officia. Accusantium aliquam praesentium aspernatur repellendus nam repellat. Voluptates qui amet voluptas. Aliquid aut nihil dolores placeat impedit laboriosam qui maiores.", "job_pic_url": "http://barrowsziemann.info/wp-content/post/category", "customer_date": "2015-11-03T16:22:14.160", "contractor": 2, "job": 118, "best_of": true, "cropping": "991,0,1889,1198", "job_pic": "testimonial/2015/11/d/1622/John-Goodman-and-Steve-Buscemi-meeting-John-Turturro-on-his-first-day-on-The-Big-Lebowski-set.jpg"}, "model": "zipcode.testimonial", "pk": 64}, {"fields": {"customer": 14655, "socialtags": "@flatley", "approved_status": true, "hashtags": "#error", "customer_testimonial": "Et aut reprehenderit vel et similique. Vitae aliquid neque molestiae eaque. Sunt molestias est eaque.", "job_pic_url": "http://www.leuschkemoore.org/app/category/wp-content/post/app", "customer_date": "2015-11-03T16:22:14.980", "contractor": 1, "job": 119, "best_of": false, "cropping": "404,0,996,789", "job_pic": "testimonial/2015/11/d/1622/big-lebowski1.jpg"}, "model": "zipcode.testimonial", "pk": 65}, {"fields": {"customer": 14659, "socialtags": "@tillmanhowe", "approved_status": true, "hashtags": "#deserunt", "customer_testimonial": "Sed aliquam quis doloremque reiciendis et doloremque et quo. Nulla inventore ex doloribus harum. In possimus nostrum et aut ut mollitia in. Rerum aliquam dignissimos quas atque qui ut et.", "job_pic_url": "http://www.greenfelderschaefer.biz/categories/categories/categories/faq/categories", "customer_date": "2015-11-03T16:22:16.314", "contractor": 2, "job": 120, "best_of": false, "cropping": "366,0,915,732", "job_pic": "testimonial/2015/11/d/1622/zen_nirvana.png"}, "model": "zipcode.testimonial", "pk": 66}, {"fields": {"customer": 14660, "socialtags": "@spinka", "approved_status": true, "hashtags": "#facere", "customer_testimonial": "Minima optio quia itaque nostrum laboriosam architecto quia. Asperiores sint sed inventore quis dolorem natus. Enim omnis quos delectus.", "job_pic_url": "http://www.johnstondeckow.com/wp-content/posts/categories/search.htmblog/explore/blog", "customer_date": "2015-11-03T16:22:16.844", "contractor": 1, "job": 121, "best_of": false, "cropping": "160,0,480,428", "job_pic": "testimonial/2015/11/d/1622/MV5BMTA3NzM0NzcwMTZeQTJeQWpwZ15BbWU3MDYyNTcyNzI._V1_SX640_SY720__XIWjaXS.jpg"}, "model": "zipcode.testimonial", "pk": 67}, {"fields": {"customer": 14664, "socialtags": "@yundt", "approved_status": true, "hashtags": "#molestiae", "customer_testimonial": "Praesentium beatae veniam distinctio assumenda laborum excepturi. Et possimus reprehenderit sit dolores eligendi voluptates sit. Ipsa repellat libero occaecati.", "job_pic_url": "http://morissette.com/terms.htmlblog/search", "customer_date": "2015-11-03T16:22:18.390", "contractor": 1, "job": 122, "best_of": true, "cropping": "394,0,934,720", "job_pic": "testimonial/2015/11/d/1622/F-it-the-big-lebowski-35141579-1328-720.png"}, "model": "zipcode.testimonial", "pk": 68}, {"fields": {"customer": 14666, "socialtags": "@lemke", "approved_status": true, "hashtags": "#ut", "customer_testimonial": "Placeat et eveniet qui eos repellat perferendis animi. Et dicta accusamus quasi consequatur sunt incidunt vel. Voluptatem eveniet ut illum quia consectetur explicabo.", "job_pic_url": "http://ruecker.com/homepage/tag/posts", "customer_date": "2015-11-03T16:22:19.181", "contractor": 1, "job": 123, "best_of": true, "cropping": "991,0,1889,1198", "job_pic": "testimonial/2015/11/d/1622/John-Goodman-and-Steve-Buscemi-meeting-John-Turturro-on-his-first-day-on-The-Big-Lebowski-set_G3cEh9p.jpg"}, "model": "zipcode.testimonial", "pk": 69}, {"fields": {"customer": 14670, "socialtags": "@hayesrau", "approved_status": true, "hashtags": "#voluptates", "customer_testimonial": "Libero omnis officiis rerum. Non consectetur soluta ad numquam perferendis a velit. Asperiores delectus hic ullam enim nesciunt earum. Quos cum sunt temporibus voluptatem voluptatem eos ab.", "job_pic_url": "http://www.ondricka.com/tags/app", "customer_date": "2015-11-03T16:22:20.580", "contractor": 2, "job": 124, "best_of": true, "cropping": "404,0,996,789", "job_pic": "testimonial/2015/11/d/1622/big-lebowski1_hHh9zuI.jpg"}, "model": "zipcode.testimonial", "pk": 70}, {"fields": {"customer": 14677, "socialtags": "@runolfsdottirbuckridge", "approved_status": true, "hashtags": "#laboriosam", "customer_testimonial": "Ad laboriosam nam est excepturi nesciunt minima reprehenderit aliquam. Molestias ab sit quis et. Fugit fuga soluta dignissimos deleniti cum ut. Earum labore quo et dicta ex dicta blanditiis. Odit omnis modi quia.", "job_pic_url": "http://dickikunze.com/category/posts", "customer_date": "2015-11-03T16:22:22.772", "contractor": 1, "job": 125, "best_of": true, "cropping": "345,0,655,414", "job_pic": "testimonial/2015/11/d/1622/lebowski_2.png"}, "model": "zipcode.testimonial", "pk": 71}, {"fields": {"customer": 14678, "socialtags": "@dach", "approved_status": true, "hashtags": "#ut", "customer_testimonial": "Sed voluptas fugiat dolore nulla sint magnam. Ex hic ut iste quo ipsa ab voluptatem. Sequi et nemo id occaecati necessitatibus.", "job_pic_url": "http://www.reichel.net/homepage.htmlcategories/category/categories", "customer_date": "2015-11-03T16:22:23.343", "contractor": 1, "job": 126, "best_of": false, "cropping": "295,0,1054,1013", "job_pic": "testimonial/2015/11/d/1622/Sam-Elliott-image-sam-elliott-36212661-1349-1013.jpg"}, "model": "zipcode.testimonial", "pk": 72}, {"fields": {"customer": 14695, "socialtags": "@stantonhessel", "approved_status": true, "hashtags": "#enim", "customer_testimonial": "Dicta officia molestias omnis omnis omnis quisquam eligendi. Deserunt et sequi eos minus eius. Ut commodi quo labore sunt. Alias velit voluptas libero id sit aperiam impedit porro.", "job_pic_url": "http://rath.com/wp-content", "customer_date": "2015-11-03T16:22:27.878", "contractor": 2, "job": 127, "best_of": true, "cropping": "404,0,996,789", "job_pic": "testimonial/2015/11/d/1622/big-lebowski1_CP0JJNY.jpg"}, "model": "zipcode.testimonial", "pk": 73}, {"fields": {"customer": 14740, "socialtags": "@carterklein", "approved_status": true, "hashtags": "#voluptas", "customer_testimonial": "Sit veritatis ut quibusdam adipisci nisi ad dolore. Qui repellendus velit quo est dolores hic. Labore deserunt harum incidunt culpa est.", "job_pic_url": "http://www.terry.com/category/category", "customer_date": "2015-11-03T16:22:39.287", "contractor": 2, "job": 128, "best_of": true, "cropping": "696,0,2074,1838", "job_pic": "testimonial/2015/11/d/1622/big-lebowski-still-hr-12.jpg"}, "model": "zipcode.testimonial", "pk": 74}, {"fields": {"special_text_color": "ffffff", "special_active": true, "special_url": "free-air-conditioners", "special_pic_alt_text": "monthly special picture", "special_pic": "specials/2015/10/21/AC_Compressor.jpg", "special_details": "To Responsible Voters!", "special_text": "Free Air Conditioners!", "special_color": "ef3b70"}, "model": "zipcode.monthlyspecial", "pk": 1}, {"fields": {"special_text_color": "000000", "special_active": true, "special_url": "20-off-sprinkler-repair", "special_pic_alt_text": "monthly special picture", "special_pic": "specials/2015/10/21/sprinkler.jpg", "special_details": "Receive 20% off this month on all sprinkler repair jobs", "special_text": "20% off sprinkler repair", "special_color": "2ebad1"}, "model": "zipcode.monthlyspecial", "pk": 2}, {"fields": {"name": "photos/2015/10/21/jeffery-lebowski", "storage_hash": "f9bde26a1556cd667f742bd34ec7c55e", "modified": "2015-10-22T14:11:14.246"}, "model": "easy_thumbnails.source", "pk": 1}, {"fields": {"name": "photos/2015/10/21/WalterSobchak.jpg", "storage_hash": "f9bde26a1556cd667f742bd34ec7c55e", "modified": "2015-10-21T14:45:07.922"}, "model": "easy_thumbnails.source", "pk": 2}, {"fields": {"name": "testimonial/2015/10/d/2040/lebowski_2.png", "storage_hash": "f9bde26a1556cd667f742bd34ec7c55e", "modified": "2015-10-22T20:57:32.183"}, "model": "easy_thumbnails.source", "pk": 3}, {"fields": {"name": "testimonial/2015/10/d/2040/The-Big-Lebowski-White-Russian.jpeg", "storage_hash": "f9bde26a1556cd667f742bd34ec7c55e", "modified": "2015-10-22T21:03:05.225"}, "model": "easy_thumbnails.source", "pk": 4}, {"fields": {"name": "testimonial/2015/10/d/2039/The-Big-Lebowski-White-Russian.jpeg", "storage_hash": "f9bde26a1556cd667f742bd34ec7c55e", "modified": "2015-10-22T21:03:16.805"}, "model": "easy_thumbnails.source", "pk": 5}, {"fields": {"name": "testimonial/2015/10/d/2039/MV5BMTQ1MTQxMzA2OV5BMl5BanBnXkFtZTcwMDM1NzI3Mg._V1_SX640_SY720_.jpg", "storage_hash": "f9bde26a1556cd667f742bd34ec7c55e", "modified": "2015-10-22T21:03:42.360"}, "model": "easy_thumbnails.source", "pk": 6}, {"fields": {"name": "testimonial/2015/10/d/2039/Sam-Elliott-image-sam-elliott-36212661-1349-1013.jpg", "storage_hash": "f9bde26a1556cd667f742bd34ec7c55e", "modified": "2015-10-22T21:03:54.950"}, "model": "easy_thumbnails.source", "pk": 7}, {"fields": {"name": "testimonial/2015/10/d/2039/20130429-lens-bridges-slide-VZHZ-superJumbo.jpg", "storage_hash": "f9bde26a1556cd667f742bd34ec7c55e", "modified": "2015-10-22T21:04:08.911"}, "model": "easy_thumbnails.source", "pk": 8}, {"fields": {"name": "testimonial/2015/10/d/2038/F-it-the-big-lebowski-35141579-1328-720_sQiN03w.png", "storage_hash": "f9bde26a1556cd667f742bd34ec7c55e", "modified": "2015-10-22T21:04:19.200"}, "model": "easy_thumbnails.source", "pk": 9}, {"fields": {"name": "testimonial/2015/10/d/2038/Sam-Elliott-image-sam-elliott-36212661-1349-1013.jpg", "storage_hash": "f9bde26a1556cd667f742bd34ec7c55e", "modified": "2015-10-23T13:48:30.293"}, "model": "easy_thumbnails.source", "pk": 10}, {"fields": {"name": "testimonial/2015/10/d/2038/lebowski_2.png", "storage_hash": "f9bde26a1556cd667f742bd34ec7c55e", "modified": "2015-10-23T13:50:47.756"}, "model": "easy_thumbnails.source", "pk": 11}, {"fields": {"name": "testimonial/2015/10/d/2038/big-lebowski-still-hr-12_9iitiuS.jpg", "storage_hash": "f9bde26a1556cd667f742bd34ec7c55e", "modified": "2015-10-23T13:51:01.968"}, "model": "easy_thumbnails.source", "pk": 12}, {"fields": {"source": 1, "name": "photos/2015/10/21/jeffery-lebowski.300x300_q85_detail_upscale.jpg", "storage_hash": "d26becbf46ac48eda79c7a39a13a02dd", "modified": "2015-10-21T13:46:09.469"}, "model": "easy_thumbnails.thumbnail", "pk": 1}, {"fields": {"source": 2, "name": "photos/2015/10/21/WalterSobchak.jpg.300x300_q85_detail_upscale.jpg", "storage_hash": "d26becbf46ac48eda79c7a39a13a02dd", "modified": "2015-10-21T13:47:37.159"}, "model": "easy_thumbnails.thumbnail", "pk": 2}, {"fields": {"source": 2, "name": "photos/2015/10/21/WalterSobchak.jpg.400x400_q85_box-74,0,408,335_crop_detail.jpg", "storage_hash": "d26becbf46ac48eda79c7a39a13a02dd", "modified": "2015-10-21T14:45:08.471"}, "model": "easy_thumbnails.thumbnail", "pk": 3}, {"fields": {"source": 1, "name": "photos/2015/10/21/jeffery-lebowski.400x400_q85_box-202,0,680,478_crop_detail.jpg", "storage_hash": "d26becbf46ac48eda79c7a39a13a02dd", "modified": "2015-10-22T14:11:14.363"}, "model": "easy_thumbnails.thumbnail", "pk": 4}, {"fields": {"source": 3, "name": "testimonial/2015/10/d/2040/lebowski_2.png.300x300_q85_detail_upscale.jpg", "storage_hash": "d26becbf46ac48eda79c7a39a13a02dd", "modified": "2015-10-22T20:57:32.314"}, "model": "easy_thumbnails.thumbnail", "pk": 5}, {"fields": {"source": 4, "name": "testimonial/2015/10/d/2040/The-Big-Lebowski-White-Russian.jpeg.300x300_q85_detail_upscale.jpg", "storage_hash": "d26becbf46ac48eda79c7a39a13a02dd", "modified": "2015-10-22T21:03:05.355"}, "model": "easy_thumbnails.thumbnail", "pk": 6}, {"fields": {"source": 5, "name": "testimonial/2015/10/d/2039/The-Big-Lebowski-White-Russian.jpeg.300x300_q85_detail_upscale.jpg", "storage_hash": "d26becbf46ac48eda79c7a39a13a02dd", "modified": "2015-10-22T21:03:16.944"}, "model": "easy_thumbnails.thumbnail", "pk": 7}, {"fields": {"source": 6, "name": "testimonial/2015/10/d/2039/MV5BMTQ1MTQxMzA2OV5BMl5BanBnXkFtZTcwMDM1NzI3Mg._V1_SX640_SY720_.jpg.300x300_q85_detail_upscale.jpg", "storage_hash": "d26becbf46ac48eda79c7a39a13a02dd", "modified": "2015-10-22T21:03:42.485"}, "model": "easy_thumbnails.thumbnail", "pk": 8}, {"fields": {"source": 7, "name": "testimonial/2015/10/d/2039/Sam-Elliott-image-sam-elliott-36212661-1349-1013.jpg.300x300_q85_detail_upscale.jpg", "storage_hash": "d26becbf46ac48eda79c7a39a13a02dd", "modified": "2015-10-22T21:03:55.073"}, "model": "easy_thumbnails.thumbnail", "pk": 9}, {"fields": {"source": 8, "name": "testimonial/2015/10/d/2039/20130429-lens-bridges-slide-VZHZ-superJumbo.jpg.300x300_q85_detail_upscale.jpg", "storage_hash": "d26becbf46ac48eda79c7a39a13a02dd", "modified": "2015-10-22T21:04:09.023"}, "model": "easy_thumbnails.thumbnail", "pk": 10}, {"fields": {"source": 9, "name": "testimonial/2015/10/d/2038/F-it-the-big-lebowski-35141579-1328-720_sQiN03w.png.300x300_q85_detail_upscale.jpg", "storage_hash": "d26becbf46ac48eda79c7a39a13a02dd", "modified": "2015-10-22T21:04:19.345"}, "model": "easy_thumbnails.thumbnail", "pk": 11}, {"fields": {"source": 10, "name": "testimonial/2015/10/d/2038/Sam-Elliott-image-sam-elliott-36212661-1349-1013.jpg.300x300_q85_detail_upscale.jpg", "storage_hash": "d26becbf46ac48eda79c7a39a13a02dd", "modified": "2015-10-23T13:48:30.411"}, "model": "easy_thumbnails.thumbnail", "pk": 12}, {"fields": {"source": 11, "name": "testimonial/2015/10/d/2038/lebowski_2.png.300x300_q85_detail_upscale.jpg", "storage_hash": "d26becbf46ac48eda79c7a39a13a02dd", "modified": "2015-10-23T13:50:47.882"}, "model": "easy_thumbnails.thumbnail", "pk": 13}, {"fields": {"source": 12, "name": "testimonial/2015/10/d/2038/big-lebowski-still-hr-12_9iitiuS.jpg.300x300_q85_detail_upscale.jpg", "storage_hash": "d26becbf46ac48eda79c7a39a13a02dd", "modified": "2015-10-23T13:51:02.112"}, "model": "easy_thumbnails.thumbnail", "pk": 14}, {"fields": {"codename": "add_logentry", "name": "Can add log entry", "content_type": 1}, "model": "auth.permission", "pk": 1}, {"fields": {"codename": "change_logentry", "name": "Can change log entry", "content_type": 1}, "model": "auth.permission", "pk": 2}, {"fields": {"codename": "delete_logentry", "name": "Can delete log entry", "content_type": 1}, "model": "auth.permission", "pk": 3}, {"fields": {"codename": "add_permission", "name": "Can add permission", "content_type": 2}, "model": "auth.permission", "pk": 4}, {"fields": {"codename": "change_permission", "name": "Can change permission", "content_type": 2}, "model": "auth.permission", "pk": 5}, {"fields": {"codename": "delete_permission", "name": "Can delete permission", "content_type": 2}, "model": "auth.permission", "pk": 6}, {"fields": {"codename": "add_group", "name": "Can add group", "content_type": 3}, "model": "auth.permission", "pk": 7}, {"fields": {"codename": "change_group", "name": "Can change group", "content_type": 3}, "model": "auth.permission", "pk": 8}, {"fields": {"codename": "delete_group", "name": "Can delete group", "content_type": 3}, "model": "auth.permission", "pk": 9}, {"fields": {"codename": "add_user", "name": "Can add user", "content_type": 4}, "model": "auth.permission", "pk": 10}, {"fields": {"codename": "change_user", "name": "Can change user", "content_type": 4}, "model": "auth.permission", "pk": 11}, {"fields": {"codename": "delete_user", "name": "Can delete user", "content_type": 4}, "model": "auth.permission", "pk": 12}, {"fields": {"codename": "add_contenttype", "name": "Can add content type", "content_type": 5}, "model": "auth.permission", "pk": 13}, {"fields": {"codename": "change_contenttype", "name": "Can change content type", "content_type": 5}, "model": "auth.permission", "pk": 14}, {"fields": {"codename": "delete_contenttype", "name": "Can delete content type", "content_type": 5}, "model": "auth.permission", "pk": 15}, {"fields": {"codename": "add_session", "name": "Can add session", "content_type": 6}, "model": "auth.permission", "pk": 16}, {"fields": {"codename": "change_session", "name": "Can change session", "content_type": 6}, "model": "auth.permission", "pk": 17}, {"fields": {"codename": "delete_session", "name": "Can delete session", "content_type": 6}, "model": "auth.permission", "pk": 18}, {"fields": {"codename": "add_contractor", "name": "Can add contractor", "content_type": 7}, "model": "auth.permission", "pk": 19}, {"fields": {"codename": "change_contractor", "name": "Can change contractor", "content_type": 7}, "model": "auth.permission", "pk": 20}, {"fields": {"codename": "delete_contractor", "name": "Can delete contractor", "content_type": 7}, "model": "auth.permission", "pk": 21}, {"fields": {"codename": "add_customer", "name": "Can add customer", "content_type": 8}, "model": "auth.permission", "pk": 22}, {"fields": {"codename": "change_customer", "name": "Can change customer", "content_type": 8}, "model": "auth.permission", "pk": 23}, {"fields": {"codename": "delete_customer", "name": "Can delete customer", "content_type": 8}, "model": "auth.permission", "pk": 24}, {"fields": {"codename": "add_careerresume", "name": "Can add career resume", "content_type": 9}, "model": "auth.permission", "pk": 25}, {"fields": {"codename": "change_careerresume", "name": "Can change career resume", "content_type": 9}, "model": "auth.permission", "pk": 26}, {"fields": {"codename": "delete_careerresume", "name": "Can delete career resume", "content_type": 9}, "model": "auth.permission", "pk": 27}, {"fields": {"codename": "add_contractorschedule", "name": "Can add contractor schedule", "content_type": 10}, "model": "auth.permission", "pk": 28}, {"fields": {"codename": "change_contractorschedule", "name": "Can change contractor schedule", "content_type": 10}, "model": "auth.permission", "pk": 29}, {"fields": {"codename": "delete_contractorschedule", "name": "Can delete contractor schedule", "content_type": 10}, "model": "auth.permission", "pk": 30}, {"fields": {"codename": "add_availability", "name": "Can add availability", "content_type": 11}, "model": "auth.permission", "pk": 31}, {"fields": {"codename": "change_availability", "name": "Can change availability", "content_type": 11}, "model": "auth.permission", "pk": 32}, {"fields": {"codename": "delete_availability", "name": "Can delete availability", "content_type": 11}, "model": "auth.permission", "pk": 33}, {"fields": {"codename": "add_location", "name": "Can add location", "content_type": 12}, "model": "auth.permission", "pk": 34}, {"fields": {"codename": "change_location", "name": "Can change location", "content_type": 12}, "model": "auth.permission", "pk": 35}, {"fields": {"codename": "delete_location", "name": "Can delete location", "content_type": 12}, "model": "auth.permission", "pk": 36}, {"fields": {"codename": "add_gallery", "name": "Can add gallery", "content_type": 13}, "model": "auth.permission", "pk": 37}, {"fields": {"codename": "change_gallery", "name": "Can change gallery", "content_type": 13}, "model": "auth.permission", "pk": 38}, {"fields": {"codename": "delete_gallery", "name": "Can delete gallery", "content_type": 13}, "model": "auth.permission", "pk": 39}, {"fields": {"codename": "add_testimonial", "name": "Can add testimonial", "content_type": 14}, "model": "auth.permission", "pk": 40}, {"fields": {"codename": "change_testimonial", "name": "Can change testimonial", "content_type": 14}, "model": "auth.permission", "pk": 41}, {"fields": {"codename": "delete_testimonial", "name": "Can delete testimonial", "content_type": 14}, "model": "auth.permission", "pk": 42}, {"fields": {"codename": "add_monthlyspecial", "name": "Can add monthly special", "content_type": 15}, "model": "auth.permission", "pk": 43}, {"fields": {"codename": "change_monthlyspecial", "name": "Can change monthly special", "content_type": 15}, "model": "auth.permission", "pk": 44}, {"fields": {"codename": "delete_monthlyspecial", "name": "Can delete monthly special", "content_type": 15}, "model": "auth.permission", "pk": 45}, {"fields": {"codename": "add_source", "name": "Can add source", "content_type": 16}, "model": "auth.permission", "pk": 46}, {"fields": {"codename": "change_source", "name": "Can change source", "content_type": 16}, "model": "auth.permission", "pk": 47}, {"fields": {"codename": "delete_source", "name": "Can delete source", "content_type": 16}, "model": "auth.permission", "pk": 48}, {"fields": {"codename": "add_thumbnail", "name": "Can add thumbnail", "content_type": 17}, "model": "auth.permission", "pk": 49}, {"fields": {"codename": "change_thumbnail", "name": "Can change thumbnail", "content_type": 17}, "model": "auth.permission", "pk": 50}, {"fields": {"codename": "delete_thumbnail", "name": "Can delete thumbnail", "content_type": 17}, "model": "auth.permission", "pk": 51}, {"fields": {"codename": "add_thumbnaildimensions", "name": "Can add thumbnail dimensions", "content_type": 18}, "model": "auth.permission", "pk": 52}, {"fields": {"codename": "change_thumbnaildimensions", "name": "Can change thumbnail dimensions", "content_type": 18}, "model": "auth.permission", "pk": 53}, {"fields": {"codename": "delete_thumbnaildimensions", "name": "Can delete thumbnail dimensions", "content_type": 18}, "model": "auth.permission", "pk": 54}, {"fields": {"name": "Contractors", "permissions": [31, 32, 33, 28, 29, 30, 22, 23, 24, 37, 38, 39, 34, 35, 36, 43, 44, 45, 40, 41, 42]}, "model": "auth.group", "pk": 1}, {"fields": {"username": "admin", "first_name": "", "last_name": "", "is_active": true, "is_superuser": true, "is_staff": true, "last_login": "2015-10-22T17:05:56.637", "groups": [], "user_permissions": [], "password": "pbkdf2_sha256$12000$CCQZjrPi3QQ7$D8oAHS3Ncsnli8vUh/+BXgNaRx2wBcvJvS/WS3PM4OI=", "email": "", "date_joined": "2015-10-21T13:40:17.934"}, "model": "auth.user", "pk": 1}, {"fields": {"username": "jlebowski", "first_name": "Jeffery", "last_name": "Lebowski", "is_active": true, "is_superuser": false, "is_staff": true, "last_login": "2015-10-22T14:12:09.849", "groups": [1], "user_permissions": [], "password": "pbkdf2_sha256$12000$cy8zcXUK30T8$YoxS53dBSkfvka6wyFMp/An7M8oEYGTvsK+62YNalgQ=", "email": "warrenebeyda@gmail.com", "date_joined": "2015-10-21T13:41:06"}, "model": "auth.user", "pk": 2}, {"fields": {"username": "wsobcheck", "first_name": "Walter", "last_name": "Sobchek", "is_active": true, "is_superuser": false, "is_staff": true, "last_login": "2015-10-22T14:12:21.865", "groups": [1], "user_permissions": [], "password": "pbkdf2_sha256$12000$gMXFDNiggwNu$F1aB/UAPdiPUdlebuuAiUfZPEcT/oN/Py5+SgKroKXY=", "email": "warrenebeyda@gmail.com", "date_joined": "2015-10-21T13:43:42"}, "model": "auth.user", "pk": 3}, {"fields": {"bio": "Bacon ipsum dolor amet leberkas drumstick ground round strip steak pork belly shank pancetta biltong. Ball tip strip steak pancetta, jowl alcatra ground round kevin biltong andouille ham pork loin landjaeger ham hock. Andouille turkey strip steak salami shoulder, capicola ribeye. Bacon drumstick tenderloin leberkas cow frankfurter tail short ribs ground round. T-bone hamburger pancetta, rump meatloaf turducken picanha tail andouille biltong shank salami. Spare ribs sausage biltong t-bone, tail jerky shankle chicken. Shankle beef tail ball tip t-bone.", "firstname": "Jeffery", "areacode": 84115, "lastname": "Lebowski", "pic": "photos/2015/10/21/jeffery-lebowski", "trade": "Bowler", "user": 2, "cropping": "202,0,680,478", "secondaryTrades": "Dog Whisperer"}, "model": "zipcode.contractor", "pk": 1}, {"fields": {"bio": "Bacon ipsum dolor amet leberkas drumstick ground round strip steak pork belly shank pancetta biltong. Ball tip strip steak pancetta, jowl alcatra ground round kevin biltong andouille ham pork loin landjaeger ham hock. Andouille turkey strip steak salami shoulder, capicola ribeye. Bacon drumstick tenderloin leberkas cow frankfurter tail short ribs ground round. T-bone hamburger pancetta, rump meatloaf turducken picanha tail andouille biltong shank salami. Spare ribs sausage biltong t-bone, tail jerky shankle chicken. Shankle beef tail ball tip t-bone.", "firstname": "Walter", "areacode": 84108, "lastname": "Sobchek", "pic": "photos/2015/10/21/WalterSobchak.jpg", "trade": "Vetran", "user": 3, "cropping": "74,0,408,335", "secondaryTrades": "Bowler"}, "model": "zipcode.contractor", "pk": 2}, {"fields": {"action_flag": 1, "action_time": "2015-10-21T13:41:06.243", "object_repr": "jlebowski", "object_id": "2", "change_message": "", "user": 1, "content_type": 4}, "model": "admin.logentry", "pk": 1}, {"fields": {"action_flag": 2, "action_time": "2015-10-21T13:41:38.231", "object_repr": "jlebowski", "object_id": "2", "change_message": "Changed first_name, last_name, email and is_staff.", "user": 1, "content_type": 4}, "model": "admin.logentry", "pk": 2}, {"fields": {"action_flag": 1, "action_time": "2015-10-21T13:43:13.502", "object_repr": "Contractors", "object_id": "1", "change_message": "", "user": 1, "content_type": 3}, "model": "admin.logentry", "pk": 3}, {"fields": {"action_flag": 2, "action_time": "2015-10-21T13:43:28.830", "object_repr": "jlebowski", "object_id": "2", "change_message": "Changed groups.", "user": 1, "content_type": 4}, "model": "admin.logentry", "pk": 4}, {"fields": {"action_flag": 1, "action_time": "2015-10-21T13:43:42.372", "object_repr": "wsobcheck", "object_id": "3", "change_message": "", "user": 1, "content_type": 4}, "model": "admin.logentry", "pk": 5}, {"fields": {"action_flag": 2, "action_time": "2015-10-21T13:43:59.962", "object_repr": "wsobcheck", "object_id": "3", "change_message": "Changed first_name, last_name, email, is_staff and groups.", "user": 1, "content_type": 4}, "model": "admin.logentry", "pk": 6}, {"fields": {"action_flag": 1, "action_time": "2015-10-21T13:46:07.001", "object_repr": "Jeffery Lebowski", "object_id": "1", "change_message": "", "user": 1, "content_type": 7}, "model": "admin.logentry", "pk": 7}, {"fields": {"action_flag": 2, "action_time": "2015-10-21T13:46:14.200", "object_repr": "Jeffery Lebowski", "object_id": "1", "change_message": "Changed cropping.", "user": 1, "content_type": 7}, "model": "admin.logentry", "pk": 8}, {"fields": {"action_flag": 1, "action_time": "2015-10-21T13:47:34.880", "object_repr": "Walter Sobchek", "object_id": "2", "change_message": "", "user": 1, "content_type": 7}, "model": "admin.logentry", "pk": 9}, {"fields": {"action_flag": 2, "action_time": "2015-10-21T13:47:45.955", "object_repr": "Walter Sobchek", "object_id": "2", "change_message": "Changed cropping.", "user": 1, "content_type": 7}, "model": "admin.logentry", "pk": 10}, {"fields": {"action_flag": 1, "action_time": "2015-10-21T13:48:58.279", "object_repr": "Sugarhouse", "object_id": "1", "change_message": "", "user": 1, "content_type": 12}, "model": "admin.logentry", "pk": 11}, {"fields": {"action_flag": 1, "action_time": "2015-10-21T13:50:09.188", "object_repr": "Free Air Conditioners!", "object_id": "1", "change_message": "", "user": 1, "content_type": 15}, "model": "admin.logentry", "pk": 12}, {"fields": {"action_flag": 2, "action_time": "2015-10-21T17:49:25.003", "object_repr": "Free Air Conditioners!", "object_id": "1", "change_message": "No fields changed.", "user": 1, "content_type": 15}, "model": "admin.logentry", "pk": 13}, {"fields": {"action_flag": 1, "action_time": "2015-10-21T18:30:31.033", "object_repr": "20% off sprinkler repair", "object_id": "2", "change_message": "", "user": 1, "content_type": 15}, "model": "admin.logentry", "pk": 14}, {"fields": {"action_flag": 1, "action_time": "2015-10-22T13:35:20.247", "object_repr": "(394)624-9490x6682", "object_id": "1", "change_message": "", "user": 1, "content_type": 14}, "model": "admin.logentry", "pk": 15}, {"fields": {"action_flag": 1, "action_time": "2015-10-22T14:35:24.332", "object_repr": "(262)472-9401x37025", "object_id": "2", "change_message": "", "user": 3, "content_type": 14}, "model": "admin.logentry", "pk": 16}, {"fields": {"action_flag": 2, "action_time": "2015-10-22T14:36:11.470", "object_repr": "(262)472-9401x37025", "object_id": "2", "change_message": "No fields changed.", "user": 3, "content_type": 14}, "model": "admin.logentry", "pk": 17}, {"fields": {"action_flag": 1, "action_time": "2015-10-22T16:05:06.961", "object_repr": "850-456-1235", "object_id": "2001", "change_message": "", "user": 3, "content_type": 8}, "model": "admin.logentry", "pk": 18}, {"fields": {"action_flag": 1, "action_time": "2015-10-22T16:37:18.408", "object_repr": "asdfasdfasdf", "object_id": "30", "change_message": "", "user": 3, "content_type": 10}, "model": "admin.logentry", "pk": 19}, {"fields": {"action_flag": 3, "action_time": "2015-10-22T16:43:31.555", "object_repr": "asdfasdfasdf", "object_id": "30", "change_message": "", "user": 3, "content_type": 10}, "model": "admin.logentry", "pk": 20}, {"fields": {"action_flag": 1, "action_time": "2015-10-22T16:44:49.503", "object_repr": "dfdfdfdfdfdfdfdfd", "object_id": "31", "change_message": "", "user": 3, "content_type": 10}, "model": "admin.logentry", "pk": 21}, {"fields": {"action_flag": 2, "action_time": "2015-10-22T16:59:59.698", "object_repr": "dfdfdfdfdfdfdfdfd", "object_id": "31", "change_message": "Changed requested and pending.", "user": 3, "content_type": 10}, "model": "admin.logentry", "pk": 22}, {"fields": {"action_flag": 2, "action_time": "2015-10-22T17:00:13.539", "object_repr": "dfdfdfdfdfdfdfdfd", "object_id": "31", "change_message": "Changed completed.", "user": 3, "content_type": 10}, "model": "admin.logentry", "pk": 23}, {"fields": {"action_flag": 3, "action_time": "2015-10-22T17:06:40.938", "object_repr": "dfdfdfdfdfdfdfdfd", "object_id": "31", "change_message": "", "user": 1, "content_type": 10}, "model": "admin.logentry", "pk": 24}, {"fields": {"action_flag": 3, "action_time": "2015-10-22T17:06:41.062", "object_repr": "Tempora eius ratione explicabo.", "object_id": "29", "change_message": "", "user": 1, "content_type": 10}, "model": "admin.logentry", "pk": 25}, {"fields": {"action_flag": 3, "action_time": "2015-10-22T17:06:41.171", "object_repr": "Aut voluptas nisi delectus ea nisi tenetur pariatur.", "object_id": "28", "change_message": "", "user": 1, "content_type": 10}, "model": "admin.logentry", "pk": 26}, {"fields": {"action_flag": 3, "action_time": "2015-10-22T17:06:41.296", "object_repr": "Dolor accusamus voluptatem quas impedit beatae soluta.", "object_id": "27", "change_message": "", "user": 1, "content_type": 10}, "model": "admin.logentry", "pk": 27}, {"fields": {"action_flag": 3, "action_time": "2015-10-22T17:06:41.423", "object_repr": "Sunt ea facilis facilis delectus sed dolor.", "object_id": "26", "change_message": "", "user": 1, "content_type": 10}, "model": "admin.logentry", "pk": 28}, {"fields": {"action_flag": 3, "action_time": "2015-10-22T17:06:41.549", "object_repr": "Optio blanditiis sapiente doloribus voluptate ea.", "object_id": "25", "change_message": "", "user": 1, "content_type": 10}, "model": "admin.logentry", "pk": 29}, {"fields": {"action_flag": 3, "action_time": "2015-10-22T17:06:41.676", "object_repr": "Illum quis sed tempore autem.", "object_id": "24", "change_message": "", "user": 1, "content_type": 10}, "model": "admin.logentry", "pk": 30}, {"fields": {"action_flag": 3, "action_time": "2015-10-22T17:06:41.793", "object_repr": "Repellendus non sunt voluptatem nemo inventore repellat porro.", "object_id": "23", "change_message": "", "user": 1, "content_type": 10}, "model": "admin.logentry", "pk": 31}, {"fields": {"action_flag": 3, "action_time": "2015-10-22T17:06:41.911", "object_repr": "Nisi ullam autem ut numquam autem.", "object_id": "22", "change_message": "", "user": 1, "content_type": 10}, "model": "admin.logentry", "pk": 32}, {"fields": {"action_flag": 3, "action_time": "2015-10-22T17:06:42.020", "object_repr": "Sequi perspiciatis maiores et quis corrupti est et voluptatem.", "object_id": "21", "change_message": "", "user": 1, "content_type": 10}, "model": "admin.logentry", "pk": 33}, {"fields": {"action_flag": 3, "action_time": "2015-10-22T17:06:42.120", "object_repr": "Mollitia earum ex culpa eos.", "object_id": "20", "change_message": "", "user": 1, "content_type": 10}, "model": "admin.logentry", "pk": 34}, {"fields": {"action_flag": 3, "action_time": "2015-10-22T17:06:42.222", "object_repr": "Sed similique ut non doloremque.", "object_id": "19", "change_message": "", "user": 1, "content_type": 10}, "model": "admin.logentry", "pk": 35}, {"fields": {"action_flag": 3, "action_time": "2015-10-22T17:06:42.314", "object_repr": "Veritatis ducimus dolores et vel repellendus magnam minima.", "object_id": "18", "change_message": "", "user": 1, "content_type": 10}, "model": "admin.logentry", "pk": 36}, {"fields": {"action_flag": 3, "action_time": "2015-10-22T17:06:42.406", "object_repr": "Corrupti omnis dicta aut quasi.", "object_id": "17", "change_message": "", "user": 1, "content_type": 10}, "model": "admin.logentry", "pk": 37}, {"fields": {"action_flag": 3, "action_time": "2015-10-22T17:06:42.509", "object_repr": "Ducimus ut esse blanditiis soluta aspernatur expedita ipsum voluptatem.", "object_id": "16", "change_message": "", "user": 1, "content_type": 10}, "model": "admin.logentry", "pk": 38}, {"fields": {"action_flag": 3, "action_time": "2015-10-22T17:06:42.627", "object_repr": "Eligendi esse minus cum ad provident nostrum nulla.", "object_id": "15", "change_message": "", "user": 1, "content_type": 10}, "model": "admin.logentry", "pk": 39}, {"fields": {"action_flag": 3, "action_time": "2015-10-22T17:06:42.744", "object_repr": "Saepe est et sunt porro sit nobis.", "object_id": "14", "change_message": "", "user": 1, "content_type": 10}, "model": "admin.logentry", "pk": 40}, {"fields": {"action_flag": 3, "action_time": "2015-10-22T17:06:42.869", "object_repr": "Aperiam accusamus vitae qui distinctio dolorem et.", "object_id": "13", "change_message": "", "user": 1, "content_type": 10}, "model": "admin.logentry", "pk": 41}, {"fields": {"action_flag": 3, "action_time": "2015-10-22T17:06:42.987", "object_repr": "Doloribus possimus quia sit autem aut laboriosam ipsam.", "object_id": "12", "change_message": "", "user": 1, "content_type": 10}, "model": "admin.logentry", "pk": 42}, {"fields": {"action_flag": 3, "action_time": "2015-10-22T17:06:43.096", "object_repr": "Repellendus quam dolor ea est rerum nisi.", "object_id": "11", "change_message": "", "user": 1, "content_type": 10}, "model": "admin.logentry", "pk": 43}, {"fields": {"action_flag": 3, "action_time": "2015-10-22T17:06:43.222", "object_repr": "Earum illum aspernatur rerum error ut.", "object_id": "10", "change_message": "", "user": 1, "content_type": 10}, "model": "admin.logentry", "pk": 44}, {"fields": {"action_flag": 3, "action_time": "2015-10-22T17:06:43.348", "object_repr": "Atque ut voluptatum ullam illo.", "object_id": "9", "change_message": "", "user": 1, "content_type": 10}, "model": "admin.logentry", "pk": 45}, {"fields": {"action_flag": 3, "action_time": "2015-10-22T17:06:43.474", "object_repr": "Porro aliquid voluptas eum minima est.", "object_id": "8", "change_message": "", "user": 1, "content_type": 10}, "model": "admin.logentry", "pk": 46}, {"fields": {"action_flag": 3, "action_time": "2015-10-22T17:06:43.601", "object_repr": "Laboriosam dolorum et veniam dolorem aut aut.", "object_id": "7", "change_message": "", "user": 1, "content_type": 10}, "model": "admin.logentry", "pk": 47}, {"fields": {"action_flag": 3, "action_time": "2015-10-22T17:06:43.727", "object_repr": "Voluptas et assumenda quae similique.", "object_id": "6", "change_message": "", "user": 1, "content_type": 10}, "model": "admin.logentry", "pk": 48}, {"fields": {"action_flag": 3, "action_time": "2015-10-22T17:06:43.853", "object_repr": "Doloremque iste at enim voluptatem et.", "object_id": "5", "change_message": "", "user": 1, "content_type": 10}, "model": "admin.logentry", "pk": 49}, {"fields": {"action_flag": 3, "action_time": "2015-10-22T17:06:43.979", "object_repr": "Tenetur quis sed voluptatibus placeat laudantium exercitationem.", "object_id": "4", "change_message": "", "user": 1, "content_type": 10}, "model": "admin.logentry", "pk": 50}, {"fields": {"action_flag": 3, "action_time": "2015-10-22T17:06:44.088", "object_repr": "Voluptatem et est voluptatem qui.", "object_id": "3", "change_message": "", "user": 1, "content_type": 10}, "model": "admin.logentry", "pk": 51}, {"fields": {"action_flag": 3, "action_time": "2015-10-22T17:06:44.198", "object_repr": "Consectetur veritatis illum ipsum esse fugiat.", "object_id": "2", "change_message": "", "user": 1, "content_type": 10}, "model": "admin.logentry", "pk": 52}, {"fields": {"action_flag": 3, "action_time": "2015-10-22T17:06:44.340", "object_repr": "Facilis ut natus asperiores molestiae sit ut.", "object_id": "1", "change_message": "", "user": 1, "content_type": 10}, "model": "admin.logentry", "pk": 53}, {"fields": {"action_flag": 3, "action_time": "2015-10-22T18:46:12.116", "object_repr": "Et sint qui dolorum et similique praesentium.", "object_id": "54", "change_message": "", "user": 1, "content_type": 10}, "model": "admin.logentry", "pk": 54}, {"fields": {"action_flag": 3, "action_time": "2015-10-22T18:46:12.243", "object_repr": "Ipsa sit fuga excepturi laborum autem consequatur sunt.", "object_id": "53", "change_message": "", "user": 1, "content_type": 10}, "model": "admin.logentry", "pk": 55}, {"fields": {"action_flag": 3, "action_time": "2015-10-22T18:46:12.360", "object_repr": "Repudiandae eius facere corrupti est nostrum.", "object_id": "52", "change_message": "", "user": 1, "content_type": 10}, "model": "admin.logentry", "pk": 56}, {"fields": {"action_flag": 3, "action_time": "2015-10-22T18:46:12.486", "object_repr": "Tempora culpa recusandae magni incidunt sed fugit.", "object_id": "51", "change_message": "", "user": 1, "content_type": 10}, "model": "admin.logentry", "pk": 57}, {"fields": {"action_flag": 3, "action_time": "2015-10-22T18:46:12.612", "object_repr": "Adipisci aut quo facere fugiat suscipit.", "object_id": "50", "change_message": "", "user": 1, "content_type": 10}, "model": "admin.logentry", "pk": 58}, {"fields": {"action_flag": 3, "action_time": "2015-10-22T18:46:12.738", "object_repr": "Corporis qui qui vel voluptas et aut.", "object_id": "49", "change_message": "", "user": 1, "content_type": 10}, "model": "admin.logentry", "pk": 59}, {"fields": {"action_flag": 3, "action_time": "2015-10-22T18:46:12.864", "object_repr": "Reiciendis quisquam distinctio illo temporibus aliquam qui rerum.", "object_id": "48", "change_message": "", "user": 1, "content_type": 10}, "model": "admin.logentry", "pk": 60}, {"fields": {"action_flag": 3, "action_time": "2015-10-22T18:46:12.990", "object_repr": "Qui veritatis labore cupiditate sequi nesciunt.", "object_id": "47", "change_message": "", "user": 1, "content_type": 10}, "model": "admin.logentry", "pk": 61}, {"fields": {"action_flag": 3, "action_time": "2015-10-22T18:46:13.107", "object_repr": "Omnis nesciunt qui sit qui aperiam cum.", "object_id": "46", "change_message": "", "user": 1, "content_type": 10}, "model": "admin.logentry", "pk": 62}, {"fields": {"action_flag": 3, "action_time": "2015-10-22T18:46:13.216", "object_repr": "Quia sequi nulla et eaque sunt velit.", "object_id": "45", "change_message": "", "user": 1, "content_type": 10}, "model": "admin.logentry", "pk": 63}, {"fields": {"action_flag": 3, "action_time": "2015-10-22T18:46:13.351", "object_repr": "Recusandae impedit iure eum at est unde.", "object_id": "44", "change_message": "", "user": 1, "content_type": 10}, "model": "admin.logentry", "pk": 64}, {"fields": {"action_flag": 3, "action_time": "2015-10-22T18:46:13.461", "object_repr": "Consectetur sunt ut deleniti nemo porro quaerat omnis.", "object_id": "43", "change_message": "", "user": 1, "content_type": 10}, "model": "admin.logentry", "pk": 65}, {"fields": {"action_flag": 3, "action_time": "2015-10-22T18:46:13.587", "object_repr": "Eveniet eos et velit dolor aspernatur.", "object_id": "42", "change_message": "", "user": 1, "content_type": 10}, "model": "admin.logentry", "pk": 66}, {"fields": {"action_flag": 3, "action_time": "2015-10-22T18:46:13.713", "object_repr": "Cupiditate ad in dolorem et enim nulla et.", "object_id": "41", "change_message": "", "user": 1, "content_type": 10}, "model": "admin.logentry", "pk": 67}, {"fields": {"action_flag": 3, "action_time": "2015-10-22T18:46:13.839", "object_repr": "Quaerat dolores et vitae est et itaque magnam.", "object_id": "40", "change_message": "", "user": 1, "content_type": 10}, "model": "admin.logentry", "pk": 68}, {"fields": {"action_flag": 3, "action_time": "2015-10-22T18:46:13.965", "object_repr": "Labore voluptatem nihil dolor vero accusamus et omnis.", "object_id": "39", "change_message": "", "user": 1, "content_type": 10}, "model": "admin.logentry", "pk": 69}, {"fields": {"action_flag": 3, "action_time": "2015-10-22T18:46:14.081", "object_repr": "Eius officia modi consequatur quod dolor mollitia illum.", "object_id": "38", "change_message": "", "user": 1, "content_type": 10}, "model": "admin.logentry", "pk": 70}, {"fields": {"action_flag": 3, "action_time": "2015-10-22T18:46:14.216", "object_repr": "Earum molestias ut voluptas repellat fuga.", "object_id": "37", "change_message": "", "user": 1, "content_type": 10}, "model": "admin.logentry", "pk": 71}, {"fields": {"action_flag": 3, "action_time": "2015-10-22T18:46:14.342", "object_repr": "Accusantium culpa non sed accusantium.", "object_id": "36", "change_message": "", "user": 1, "content_type": 10}, "model": "admin.logentry", "pk": 72}, {"fields": {"action_flag": 3, "action_time": "2015-10-22T18:46:14.452", "object_repr": "Consequatur quasi voluptatem consequatur ut ea.", "object_id": "35", "change_message": "", "user": 1, "content_type": 10}, "model": "admin.logentry", "pk": 73}, {"fields": {"action_flag": 3, "action_time": "2015-10-22T18:46:14.570", "object_repr": "Eaque quia harum illum architecto et rerum quo.", "object_id": "34", "change_message": "", "user": 1, "content_type": 10}, "model": "admin.logentry", "pk": 74}, {"fields": {"action_flag": 3, "action_time": "2015-10-22T18:46:14.713", "object_repr": "Sint nesciunt aut repellat explicabo amet.", "object_id": "33", "change_message": "", "user": 1, "content_type": 10}, "model": "admin.logentry", "pk": 75}, {"fields": {"action_flag": 3, "action_time": "2015-10-22T18:46:14.839", "object_repr": "Quia facere dolorum quos autem error veniam inventore.", "object_id": "32", "change_message": "", "user": 1, "content_type": 10}, "model": "admin.logentry", "pk": 76}, {"fields": {"action_flag": 2, "action_time": "2015-10-22T19:17:24.037", "object_repr": "04943415112", "object_id": "26", "change_message": "Changed job_pic.", "user": 1, "content_type": 14}, "model": "admin.logentry", "pk": 77}, {"fields": {"action_flag": 2, "action_time": "2015-10-22T19:17:43.707", "object_repr": "07425292455", "object_id": "27", "change_message": "Changed job_pic.", "user": 1, "content_type": 14}, "model": "admin.logentry", "pk": 78}, {"fields": {"action_flag": 2, "action_time": "2015-10-22T19:17:54.136", "object_repr": "(703)082-8124", "object_id": "25", "change_message": "Changed job_pic.", "user": 1, "content_type": 14}, "model": "admin.logentry", "pk": 79}, {"fields": {"action_flag": 2, "action_time": "2015-10-22T19:18:03.681", "object_repr": "07595712047", "object_id": "24", "change_message": "Changed job_pic.", "user": 1, "content_type": 14}, "model": "admin.logentry", "pk": 80}, {"fields": {"action_flag": 2, "action_time": "2015-10-22T19:18:12.527", "object_repr": "789.298.5361", "object_id": "23", "change_message": "Changed job_pic.", "user": 1, "content_type": 14}, "model": "admin.logentry", "pk": 81}, {"fields": {"action_flag": 1, "action_time": "2015-10-22T19:32:58.275", "object_repr": "Gallery object", "object_id": "1", "change_message": "", "user": 1, "content_type": 13}, "model": "admin.logentry", "pk": 82}, {"fields": {"action_flag": 2, "action_time": "2015-10-22T19:33:38.749", "object_repr": "926-811-1680x462", "object_id": "3", "change_message": "Changed job_pic.", "user": 1, "content_type": 14}, "model": "admin.logentry", "pk": 83}, {"fields": {"action_flag": 2, "action_time": "2015-10-22T19:33:51.789", "object_repr": "(125)561-9351x116", "object_id": "22", "change_message": "Changed job_pic.", "user": 1, "content_type": 14}, "model": "admin.logentry", "pk": 84}, {"fields": {"action_flag": 2, "action_time": "2015-10-22T19:34:04.138", "object_repr": "187.222.5523x1578", "object_id": "21", "change_message": "Changed job_pic.", "user": 1, "content_type": 14}, "model": "admin.logentry", "pk": 85}, {"fields": {"action_flag": 2, "action_time": "2015-10-22T19:34:17.195", "object_repr": "(520)969-4722x9700", "object_id": "20", "change_message": "Changed job_pic.", "user": 1, "content_type": 14}, "model": "admin.logentry", "pk": 86}, {"fields": {"action_flag": 2, "action_time": "2015-10-22T19:34:30.572", "object_repr": "+36(3)5545414239", "object_id": "19", "change_message": "Changed job_pic.", "user": 1, "content_type": 14}, "model": "admin.logentry", "pk": 87}, {"fields": {"action_flag": 2, "action_time": "2015-10-22T19:34:42.005", "object_repr": "974.824.8956x6337", "object_id": "18", "change_message": "Changed job_pic.", "user": 1, "content_type": 14}, "model": "admin.logentry", "pk": 88}, {"fields": {"action_flag": 2, "action_time": "2015-10-22T19:34:52.322", "object_repr": "473.531.1059x5573", "object_id": "17", "change_message": "Changed job_pic.", "user": 1, "content_type": 14}, "model": "admin.logentry", "pk": 89}, {"fields": {"action_flag": 2, "action_time": "2015-10-22T19:35:10.463", "object_repr": "1-759-278-1323", "object_id": "16", "change_message": "Changed job_pic.", "user": 1, "content_type": 14}, "model": "admin.logentry", "pk": 90}, {"fields": {"action_flag": 2, "action_time": "2015-10-22T19:38:18.650", "object_repr": "187.222.5523x1578", "object_id": "21", "change_message": "Changed job_pic.", "user": 1, "content_type": 14}, "model": "admin.logentry", "pk": 91}, {"fields": {"action_flag": 2, "action_time": "2015-10-22T19:38:31.390", "object_repr": "974.824.8956x6337", "object_id": "18", "change_message": "Changed job_pic.", "user": 1, "content_type": 14}, "model": "admin.logentry", "pk": 92}, {"fields": {"action_flag": 2, "action_time": "2015-10-22T19:38:46.448", "object_repr": "01935070762", "object_id": "15", "change_message": "Changed job_pic.", "user": 1, "content_type": 14}, "model": "admin.logentry", "pk": 93}, {"fields": {"action_flag": 2, "action_time": "2015-10-22T19:39:00.808", "object_repr": "446-846-9354", "object_id": "14", "change_message": "Changed job_pic.", "user": 1, "content_type": 14}, "model": "admin.logentry", "pk": 94}, {"fields": {"action_flag": 2, "action_time": "2015-10-22T19:39:13.390", "object_repr": "+27(5)9122370420", "object_id": "13", "change_message": "Changed job_pic.", "user": 1, "content_type": 14}, "model": "admin.logentry", "pk": 95}, {"fields": {"action_flag": 2, "action_time": "2015-10-22T19:39:26.083", "object_repr": "054-076-3207x88474", "object_id": "12", "change_message": "Changed job_pic.", "user": 1, "content_type": 14}, "model": "admin.logentry", "pk": 96}, {"fields": {"action_flag": 2, "action_time": "2015-10-22T19:39:41.967", "object_repr": "1-915-228-1746x3511", "object_id": "11", "change_message": "Changed job_pic.", "user": 1, "content_type": 14}, "model": "admin.logentry", "pk": 97}, {"fields": {"action_flag": 2, "action_time": "2015-10-22T19:39:55.108", "object_repr": "+83(1)7819105173", "object_id": "10", "change_message": "Changed job_pic.", "user": 1, "content_type": 14}, "model": "admin.logentry", "pk": 98}, {"fields": {"action_flag": 2, "action_time": "2015-10-22T19:40:15.402", "object_repr": "250.207.6835", "object_id": "9", "change_message": "Changed job_pic.", "user": 1, "content_type": 14}, "model": "admin.logentry", "pk": 99}, {"fields": {"action_flag": 2, "action_time": "2015-10-22T19:40:26.733", "object_repr": "+55(6)4563639569", "object_id": "8", "change_message": "Changed job_pic.", "user": 1, "content_type": 14}, "model": "admin.logentry", "pk": 100}, {"fields": {"action_flag": 2, "action_time": "2015-10-22T19:40:37.925", "object_repr": "05190392400", "object_id": "7", "change_message": "Changed job_pic.", "user": 1, "content_type": 14}, "model": "admin.logentry", "pk": 101}, {"fields": {"action_flag": 2, "action_time": "2015-10-22T19:40:50.746", "object_repr": "167.616.5939", "object_id": "5", "change_message": "Changed job_pic.", "user": 1, "content_type": 14}, "model": "admin.logentry", "pk": 102}, {"fields": {"action_flag": 1, "action_time": "2015-10-22T19:41:28.363", "object_repr": "Gallery object", "object_id": "2", "change_message": "", "user": 1, "content_type": 13}, "model": "admin.logentry", "pk": 103}, {"fields": {"action_flag": 1, "action_time": "2015-10-22T19:41:40.881", "object_repr": "Gallery object", "object_id": "3", "change_message": "", "user": 1, "content_type": 13}, "model": "admin.logentry", "pk": 104}, {"fields": {"action_flag": 1, "action_time": "2015-10-22T19:41:54.257", "object_repr": "Gallery object", "object_id": "4", "change_message": "", "user": 1, "content_type": 13}, "model": "admin.logentry", "pk": 105}, {"fields": {"action_flag": 3, "action_time": "2015-10-22T20:13:55.782", "object_repr": "(402)833-4839", "object_id": "13740", "change_message": "", "user": 1, "content_type": 8}, "model": "admin.logentry", "pk": 106}, {"fields": {"action_flag": 3, "action_time": "2015-10-22T20:13:55.919", "object_repr": "07425292455", "object_id": "13631", "change_message": "", "user": 1, "content_type": 8}, "model": "admin.logentry", "pk": 107}, {"fields": {"action_flag": 3, "action_time": "2015-10-22T20:13:56.021", "object_repr": "04943415112", "object_id": "12487", "change_message": "", "user": 1, "content_type": 8}, "model": "admin.logentry", "pk": 108}, {"fields": {"action_flag": 3, "action_time": "2015-10-22T20:13:56.138", "object_repr": "(703)082-8124", "object_id": "12228", "change_message": "", "user": 1, "content_type": 8}, "model": "admin.logentry", "pk": 109}, {"fields": {"action_flag": 3, "action_time": "2015-10-22T20:13:56.239", "object_repr": "07595712047", "object_id": "11900", "change_message": "", "user": 1, "content_type": 8}, "model": "admin.logentry", "pk": 110}, {"fields": {"action_flag": 3, "action_time": "2015-10-22T20:13:56.357", "object_repr": "789.298.5361", "object_id": "10235", "change_message": "", "user": 1, "content_type": 8}, "model": "admin.logentry", "pk": 111}, {"fields": {"action_flag": 3, "action_time": "2015-10-22T20:13:56.457", "object_repr": "(125)561-9351x116", "object_id": "8903", "change_message": "", "user": 1, "content_type": 8}, "model": "admin.logentry", "pk": 112}, {"fields": {"action_flag": 3, "action_time": "2015-10-22T20:13:56.583", "object_repr": "187.222.5523x1578", "object_id": "8429", "change_message": "", "user": 1, "content_type": 8}, "model": "admin.logentry", "pk": 113}, {"fields": {"action_flag": 3, "action_time": "2015-10-22T20:13:56.709", "object_repr": "(520)969-4722x9700", "object_id": "8318", "change_message": "", "user": 1, "content_type": 8}, "model": "admin.logentry", "pk": 114}, {"fields": {"action_flag": 3, "action_time": "2015-10-22T20:13:56.828", "object_repr": "+36(3)5545414239", "object_id": "8316", "change_message": "", "user": 1, "content_type": 8}, "model": "admin.logentry", "pk": 115}, {"fields": {"action_flag": 3, "action_time": "2015-10-22T20:13:56.995", "object_repr": "974.824.8956x6337", "object_id": "8264", "change_message": "", "user": 1, "content_type": 8}, "model": "admin.logentry", "pk": 116}, {"fields": {"action_flag": 3, "action_time": "2015-10-22T20:13:57.113", "object_repr": "473.531.1059x5573", "object_id": "8253", "change_message": "", "user": 1, "content_type": 8}, "model": "admin.logentry", "pk": 117}, {"fields": {"action_flag": 3, "action_time": "2015-10-22T20:13:57.231", "object_repr": "1-759-278-1323", "object_id": "8184", "change_message": "", "user": 1, "content_type": 8}, "model": "admin.logentry", "pk": 118}, {"fields": {"action_flag": 3, "action_time": "2015-10-22T20:13:57.340", "object_repr": "01935070762", "object_id": "8183", "change_message": "", "user": 1, "content_type": 8}, "model": "admin.logentry", "pk": 119}, {"fields": {"action_flag": 3, "action_time": "2015-10-22T20:13:57.449", "object_repr": "446-846-9354", "object_id": "8169", "change_message": "", "user": 1, "content_type": 8}, "model": "admin.logentry", "pk": 120}, {"fields": {"action_flag": 3, "action_time": "2015-10-22T20:13:57.575", "object_repr": "+27(5)9122370420", "object_id": "8152", "change_message": "", "user": 1, "content_type": 8}, "model": "admin.logentry", "pk": 121}, {"fields": {"action_flag": 3, "action_time": "2015-10-22T20:13:57.701", "object_repr": "054-076-3207x88474", "object_id": "8107", "change_message": "", "user": 1, "content_type": 8}, "model": "admin.logentry", "pk": 122}, {"fields": {"action_flag": 3, "action_time": "2015-10-22T20:13:57.836", "object_repr": "1-915-228-1746x3511", "object_id": "8035", "change_message": "", "user": 1, "content_type": 8}, "model": "admin.logentry", "pk": 123}, {"fields": {"action_flag": 3, "action_time": "2015-10-22T20:13:57.946", "object_repr": "+83(1)7819105173", "object_id": "7987", "change_message": "", "user": 1, "content_type": 8}, "model": "admin.logentry", "pk": 124}, {"fields": {"action_flag": 3, "action_time": "2015-10-22T20:13:58.055", "object_repr": "250.207.6835", "object_id": "7972", "change_message": "", "user": 1, "content_type": 8}, "model": "admin.logentry", "pk": 125}, {"fields": {"action_flag": 3, "action_time": "2015-10-22T20:13:58.164", "object_repr": "+55(6)4563639569", "object_id": "7945", "change_message": "", "user": 1, "content_type": 8}, "model": "admin.logentry", "pk": 126}, {"fields": {"action_flag": 3, "action_time": "2015-10-22T20:13:58.290", "object_repr": "05190392400", "object_id": "7943", "change_message": "", "user": 1, "content_type": 8}, "model": "admin.logentry", "pk": 127}, {"fields": {"action_flag": 3, "action_time": "2015-10-22T20:13:58.399", "object_repr": "021-354-9637x5794", "object_id": "7940", "change_message": "", "user": 1, "content_type": 8}, "model": "admin.logentry", "pk": 128}, {"fields": {"action_flag": 3, "action_time": "2015-10-22T20:13:58.516", "object_repr": "167.616.5939", "object_id": "7939", "change_message": "", "user": 1, "content_type": 8}, "model": "admin.logentry", "pk": 129}, {"fields": {"action_flag": 3, "action_time": "2015-10-22T20:13:58.668", "object_repr": "06838401228", "object_id": "7937", "change_message": "", "user": 1, "content_type": 8}, "model": "admin.logentry", "pk": 130}, {"fields": {"action_flag": 3, "action_time": "2015-10-22T20:13:58.802", "object_repr": "926-811-1680x462", "object_id": "7936", "change_message": "", "user": 1, "content_type": 8}, "model": "admin.logentry", "pk": 131}, {"fields": {"action_flag": 3, "action_time": "2015-10-22T20:13:58.937", "object_repr": "1-501-644-4988", "object_id": "7934", "change_message": "", "user": 1, "content_type": 8}, "model": "admin.logentry", "pk": 132}, {"fields": {"action_flag": 3, "action_time": "2015-10-22T20:13:59.063", "object_repr": "(746)474-6608x4120", "object_id": "7933", "change_message": "", "user": 1, "content_type": 8}, "model": "admin.logentry", "pk": 133}, {"fields": {"action_flag": 3, "action_time": "2015-10-22T20:13:59.180", "object_repr": "(185)362-0762x9492", "object_id": "7888", "change_message": "", "user": 1, "content_type": 8}, "model": "admin.logentry", "pk": 134}, {"fields": {"action_flag": 3, "action_time": "2015-10-22T20:13:59.315", "object_repr": "1-711-462-0604x74347", "object_id": "7612", "change_message": "", "user": 1, "content_type": 8}, "model": "admin.logentry", "pk": 135}, {"fields": {"action_flag": 3, "action_time": "2015-10-22T20:13:59.482", "object_repr": "(743)598-4905x388", "object_id": "6080", "change_message": "", "user": 1, "content_type": 8}, "model": "admin.logentry", "pk": 136}, {"fields": {"action_flag": 3, "action_time": "2015-10-22T20:13:59.617", "object_repr": "05501408997", "object_id": "4149", "change_message": "", "user": 1, "content_type": 8}, "model": "admin.logentry", "pk": 137}, {"fields": {"action_flag": 3, "action_time": "2015-10-22T20:13:59.752", "object_repr": "075.666.1430", "object_id": "3838", "change_message": "", "user": 1, "content_type": 8}, "model": "admin.logentry", "pk": 138}, {"fields": {"action_flag": 3, "action_time": "2015-10-22T20:13:59.894", "object_repr": "840.198.8570", "object_id": "3804", "change_message": "", "user": 1, "content_type": 8}, "model": "admin.logentry", "pk": 139}, {"fields": {"action_flag": 3, "action_time": "2015-10-22T20:14:00.027", "object_repr": "467-655-2443", "object_id": "3710", "change_message": "", "user": 1, "content_type": 8}, "model": "admin.logentry", "pk": 140}, {"fields": {"action_flag": 3, "action_time": "2015-10-22T20:14:00.147", "object_repr": "1-476-019-3936", "object_id": "3437", "change_message": "", "user": 1, "content_type": 8}, "model": "admin.logentry", "pk": 141}, {"fields": {"action_flag": 3, "action_time": "2015-10-22T20:14:00.281", "object_repr": "927-654-4921", "object_id": "3369", "change_message": "", "user": 1, "content_type": 8}, "model": "admin.logentry", "pk": 142}, {"fields": {"action_flag": 3, "action_time": "2015-10-22T20:14:00.415", "object_repr": "1-102-164-4311x501", "object_id": "3165", "change_message": "", "user": 1, "content_type": 8}, "model": "admin.logentry", "pk": 143}, {"fields": {"action_flag": 3, "action_time": "2015-10-22T20:14:00.549", "object_repr": "+92(7)9817246843", "object_id": "3139", "change_message": "", "user": 1, "content_type": 8}, "model": "admin.logentry", "pk": 144}, {"fields": {"action_flag": 3, "action_time": "2015-10-22T20:14:00.684", "object_repr": "639-679-9999x48730", "object_id": "3137", "change_message": "", "user": 1, "content_type": 8}, "model": "admin.logentry", "pk": 145}, {"fields": {"action_flag": 3, "action_time": "2015-10-22T20:14:00.818", "object_repr": "1-426-930-4937", "object_id": "2596", "change_message": "", "user": 1, "content_type": 8}, "model": "admin.logentry", "pk": 146}, {"fields": {"action_flag": 3, "action_time": "2015-10-22T20:14:00.951", "object_repr": "+72(9)9973486763", "object_id": "2544", "change_message": "", "user": 1, "content_type": 8}, "model": "admin.logentry", "pk": 147}, {"fields": {"action_flag": 3, "action_time": "2015-10-22T20:14:01.078", "object_repr": "388-548-6296x70883", "object_id": "2429", "change_message": "", "user": 1, "content_type": 8}, "model": "admin.logentry", "pk": 148}, {"fields": {"action_flag": 3, "action_time": "2015-10-22T20:14:01.212", "object_repr": "(577)364-5781", "object_id": "2359", "change_message": "", "user": 1, "content_type": 8}, "model": "admin.logentry", "pk": 149}, {"fields": {"action_flag": 3, "action_time": "2015-10-22T20:14:01.322", "object_repr": "1-433-903-9315", "object_id": "2311", "change_message": "", "user": 1, "content_type": 8}, "model": "admin.logentry", "pk": 150}, {"fields": {"action_flag": 3, "action_time": "2015-10-22T20:14:01.448", "object_repr": "+83(6)7660390553", "object_id": "2287", "change_message": "", "user": 1, "content_type": 8}, "model": "admin.logentry", "pk": 151}, {"fields": {"action_flag": 3, "action_time": "2015-10-22T20:14:01.582", "object_repr": "1-247-471-3511x57264", "object_id": "2172", "change_message": "", "user": 1, "content_type": 8}, "model": "admin.logentry", "pk": 152}, {"fields": {"action_flag": 3, "action_time": "2015-10-22T20:14:01.717", "object_repr": "579-706-5781x836", "object_id": "2081", "change_message": "", "user": 1, "content_type": 8}, "model": "admin.logentry", "pk": 153}, {"fields": {"action_flag": 3, "action_time": "2015-10-22T20:14:01.850", "object_repr": "(329)404-9288x3921", "object_id": "2060", "change_message": "", "user": 1, "content_type": 8}, "model": "admin.logentry", "pk": 154}, {"fields": {"action_flag": 3, "action_time": "2015-10-22T20:14:01.985", "object_repr": "974.476.1475", "object_id": "2048", "change_message": "", "user": 1, "content_type": 8}, "model": "admin.logentry", "pk": 155}, {"fields": {"action_flag": 3, "action_time": "2015-10-22T20:14:02.110", "object_repr": "(009)806-9815x7515", "object_id": "2024", "change_message": "", "user": 1, "content_type": 8}, "model": "admin.logentry", "pk": 156}, {"fields": {"action_flag": 3, "action_time": "2015-10-22T20:14:02.237", "object_repr": "+84(6)5738556859", "object_id": "2022", "change_message": "", "user": 1, "content_type": 8}, "model": "admin.logentry", "pk": 157}, {"fields": {"action_flag": 3, "action_time": "2015-10-22T20:14:02.346", "object_repr": "1-622-717-4093", "object_id": "2009", "change_message": "", "user": 1, "content_type": 8}, "model": "admin.logentry", "pk": 158}, {"fields": {"action_flag": 3, "action_time": "2015-10-22T20:14:02.456", "object_repr": "094.852.2337x131", "object_id": "2004", "change_message": "", "user": 1, "content_type": 8}, "model": "admin.logentry", "pk": 159}, {"fields": {"action_flag": 3, "action_time": "2015-10-22T20:14:02.590", "object_repr": "1-558-768-7104x23217", "object_id": "2003", "change_message": "", "user": 1, "content_type": 8}, "model": "admin.logentry", "pk": 160}, {"fields": {"action_flag": 3, "action_time": "2015-10-22T20:14:02.724", "object_repr": "850-456-1235", "object_id": "2001", "change_message": "", "user": 1, "content_type": 8}, "model": "admin.logentry", "pk": 161}, {"fields": {"action_flag": 3, "action_time": "2015-10-22T20:14:02.859", "object_repr": "(746)741-8481", "object_id": "2000", "change_message": "", "user": 1, "content_type": 8}, "model": "admin.logentry", "pk": 162}, {"fields": {"action_flag": 3, "action_time": "2015-10-22T20:14:02.993", "object_repr": "(394)624-9490x6682", "object_id": "1275", "change_message": "", "user": 1, "content_type": 8}, "model": "admin.logentry", "pk": 163}, {"fields": {"action_flag": 3, "action_time": "2015-10-22T20:14:03.119", "object_repr": "964-902-8569x93121", "object_id": "1237", "change_message": "", "user": 1, "content_type": 8}, "model": "admin.logentry", "pk": 164}, {"fields": {"action_flag": 3, "action_time": "2015-10-22T20:14:03.253", "object_repr": "(262)472-9401x37025", "object_id": "1194", "change_message": "", "user": 1, "content_type": 8}, "model": "admin.logentry", "pk": 165}, {"fields": {"action_flag": 3, "action_time": "2015-10-22T20:14:03.379", "object_repr": "+44(9)3965024818", "object_id": "1005", "change_message": "", "user": 1, "content_type": 8}, "model": "admin.logentry", "pk": 166}, {"fields": {"action_flag": 3, "action_time": "2015-10-22T20:14:03.488", "object_repr": "204-045-7357", "object_id": "984", "change_message": "", "user": 1, "content_type": 8}, "model": "admin.logentry", "pk": 167}, {"fields": {"action_flag": 3, "action_time": "2015-10-22T20:14:03.597", "object_repr": "393.297.0656x92113", "object_id": "902", "change_message": "", "user": 1, "content_type": 8}, "model": "admin.logentry", "pk": 168}, {"fields": {"action_flag": 3, "action_time": "2015-10-22T20:14:03.732", "object_repr": "270.888.9489x6018", "object_id": "898", "change_message": "", "user": 1, "content_type": 8}, "model": "admin.logentry", "pk": 169}, {"fields": {"action_flag": 3, "action_time": "2015-10-22T20:14:03.867", "object_repr": "1-421-989-6861x8618", "object_id": "782", "change_message": "", "user": 1, "content_type": 8}, "model": "admin.logentry", "pk": 170}, {"fields": {"action_flag": 3, "action_time": "2015-10-22T20:14:04.000", "object_repr": "(417)142-4704", "object_id": "564", "change_message": "", "user": 1, "content_type": 8}, "model": "admin.logentry", "pk": 171}, {"fields": {"action_flag": 3, "action_time": "2015-10-22T20:14:04.126", "object_repr": "09641594599", "object_id": "559", "change_message": "", "user": 1, "content_type": 8}, "model": "admin.logentry", "pk": 172}, {"fields": {"action_flag": 3, "action_time": "2015-10-22T20:14:04.252", "object_repr": "340-008-6276x92336", "object_id": "452", "change_message": "", "user": 1, "content_type": 8}, "model": "admin.logentry", "pk": 173}, {"fields": {"action_flag": 3, "action_time": "2015-10-22T20:14:04.520", "object_repr": "508.817.9401x0535", "object_id": "345", "change_message": "", "user": 1, "content_type": 8}, "model": "admin.logentry", "pk": 174}, {"fields": {"action_flag": 3, "action_time": "2015-10-22T20:14:04.629", "object_repr": "985-201-8034x28118", "object_id": "296", "change_message": "", "user": 1, "content_type": 8}, "model": "admin.logentry", "pk": 175}, {"fields": {"action_flag": 3, "action_time": "2015-10-22T20:14:04.739", "object_repr": "1-412-928-8346", "object_id": "283", "change_message": "", "user": 1, "content_type": 8}, "model": "admin.logentry", "pk": 176}, {"fields": {"action_flag": 3, "action_time": "2015-10-22T20:14:04.873", "object_repr": "08121828308", "object_id": "266", "change_message": "", "user": 1, "content_type": 8}, "model": "admin.logentry", "pk": 177}, {"fields": {"action_flag": 3, "action_time": "2015-10-22T20:14:05.008", "object_repr": "379-228-9271x00229", "object_id": "243", "change_message": "", "user": 1, "content_type": 8}, "model": "admin.logentry", "pk": 178}, {"fields": {"action_flag": 3, "action_time": "2015-10-22T20:14:05.134", "object_repr": "1-707-635-0736x868", "object_id": "154", "change_message": "", "user": 1, "content_type": 8}, "model": "admin.logentry", "pk": 179}, {"fields": {"action_flag": 3, "action_time": "2015-10-22T20:14:05.259", "object_repr": "087-935-0891x95607", "object_id": "100", "change_message": "", "user": 1, "content_type": 8}, "model": "admin.logentry", "pk": 180}, {"fields": {"action_flag": 3, "action_time": "2015-10-22T20:14:05.393", "object_repr": "1-640-094-7178", "object_id": "93", "change_message": "", "user": 1, "content_type": 8}, "model": "admin.logentry", "pk": 181}, {"fields": {"action_flag": 3, "action_time": "2015-10-22T20:14:05.503", "object_repr": "633-165-3947", "object_id": "84", "change_message": "", "user": 1, "content_type": 8}, "model": "admin.logentry", "pk": 182}, {"fields": {"action_flag": 3, "action_time": "2015-10-22T20:14:05.612", "object_repr": "1-456-201-0857", "object_id": "56", "change_message": "", "user": 1, "content_type": 8}, "model": "admin.logentry", "pk": 183}, {"fields": {"action_flag": 3, "action_time": "2015-10-22T20:14:05.722", "object_repr": "00858410048", "object_id": "18", "change_message": "", "user": 1, "content_type": 8}, "model": "admin.logentry", "pk": 184}, {"fields": {"action_flag": 3, "action_time": "2015-10-22T20:14:05.838", "object_repr": "+65(0)3867834023", "object_id": "17", "change_message": "", "user": 1, "content_type": 8}, "model": "admin.logentry", "pk": 185}, {"fields": {"action_flag": 3, "action_time": "2015-10-22T20:14:05.973", "object_repr": "07833465700", "object_id": "16", "change_message": "", "user": 1, "content_type": 8}, "model": "admin.logentry", "pk": 186}, {"fields": {"action_flag": 3, "action_time": "2015-10-22T20:14:06.092", "object_repr": "(456)524-0856x3201", "object_id": "13", "change_message": "", "user": 1, "content_type": 8}, "model": "admin.logentry", "pk": 187}, {"fields": {"action_flag": 3, "action_time": "2015-10-22T20:14:06.209", "object_repr": "438-740-3128x43476", "object_id": "12", "change_message": "", "user": 1, "content_type": 8}, "model": "admin.logentry", "pk": 188}, {"fields": {"action_flag": 3, "action_time": "2015-10-22T20:14:06.327", "object_repr": "1-730-568-4641x513", "object_id": "10", "change_message": "", "user": 1, "content_type": 8}, "model": "admin.logentry", "pk": 189}, {"fields": {"action_flag": 3, "action_time": "2015-10-22T20:14:06.445", "object_repr": "(405)182-1083x244", "object_id": "8", "change_message": "", "user": 1, "content_type": 8}, "model": "admin.logentry", "pk": 190}, {"fields": {"action_flag": 3, "action_time": "2015-10-22T20:14:06.545", "object_repr": "+97(9)2260630152", "object_id": "4", "change_message": "", "user": 1, "content_type": 8}, "model": "admin.logentry", "pk": 191}, {"fields": {"action_flag": 3, "action_time": "2015-10-22T20:14:06.646", "object_repr": "924-879-6987x791", "object_id": "3", "change_message": "", "user": 1, "content_type": 8}, "model": "admin.logentry", "pk": 192}, {"fields": {"action_flag": 3, "action_time": "2015-10-22T20:34:57.169", "object_repr": "928-111-8747x15133", "object_id": "13924", "change_message": "", "user": 1, "content_type": 8}, "model": "admin.logentry", "pk": 193}, {"fields": {"action_flag": 3, "action_time": "2015-10-22T20:34:57.277", "object_repr": "+40(9)4027771285", "object_id": "13862", "change_message": "", "user": 1, "content_type": 8}, "model": "admin.logentry", "pk": 194}, {"fields": {"action_flag": 3, "action_time": "2015-10-22T20:34:57.386", "object_repr": "+93(3)6318362998", "object_id": "13859", "change_message": "", "user": 1, "content_type": 8}, "model": "admin.logentry", "pk": 195}, {"fields": {"action_flag": 3, "action_time": "2015-10-22T20:34:57.512", "object_repr": "+96(9)8108585167", "object_id": "13831", "change_message": "", "user": 1, "content_type": 8}, "model": "admin.logentry", "pk": 196}, {"fields": {"action_flag": 3, "action_time": "2015-10-22T20:34:57.629", "object_repr": "+41(6)4495485928", "object_id": "13817", "change_message": "", "user": 1, "content_type": 8}, "model": "admin.logentry", "pk": 197}, {"fields": {"action_flag": 3, "action_time": "2015-10-22T20:34:57.747", "object_repr": "153.278.2254x862", "object_id": "13814", "change_message": "", "user": 1, "content_type": 8}, "model": "admin.logentry", "pk": 198}, {"fields": {"action_flag": 3, "action_time": "2015-10-22T20:34:57.848", "object_repr": "557.296.3568x04676", "object_id": "13777", "change_message": "", "user": 1, "content_type": 8}, "model": "admin.logentry", "pk": 199}, {"fields": {"action_flag": 3, "action_time": "2015-10-22T20:34:57.966", "object_repr": "(570)947-1449x20561", "object_id": "13774", "change_message": "", "user": 1, "content_type": 8}, "model": "admin.logentry", "pk": 200}, {"fields": {"action_flag": 3, "action_time": "2015-10-22T20:34:58.083", "object_repr": "(895)260-1922x4556", "object_id": "13767", "change_message": "", "user": 1, "content_type": 8}, "model": "admin.logentry", "pk": 201}, {"fields": {"action_flag": 3, "action_time": "2015-10-22T20:34:58.210", "object_repr": "(975)639-9768", "object_id": "13760", "change_message": "", "user": 1, "content_type": 8}, "model": "admin.logentry", "pk": 202}, {"fields": {"action_flag": 3, "action_time": "2015-10-22T20:34:58.319", "object_repr": "154-282-7927x017", "object_id": "13754", "change_message": "", "user": 1, "content_type": 8}, "model": "admin.logentry", "pk": 203}, {"fields": {"action_flag": 3, "action_time": "2015-10-22T20:34:58.562", "object_repr": "1-446-508-0658", "object_id": "13749", "change_message": "", "user": 1, "content_type": 8}, "model": "admin.logentry", "pk": 204}, {"fields": {"action_flag": 3, "action_time": "2015-10-22T20:34:58.664", "object_repr": "751-133-1022x95671", "object_id": "13748", "change_message": "", "user": 1, "content_type": 8}, "model": "admin.logentry", "pk": 205}, {"fields": {"action_flag": 3, "action_time": "2015-10-22T20:34:58.764", "object_repr": "06537940379", "object_id": "13747", "change_message": "", "user": 1, "content_type": 8}, "model": "admin.logentry", "pk": 206}, {"fields": {"action_flag": 3, "action_time": "2015-10-22T20:34:58.882", "object_repr": "708.500.0895", "object_id": "13746", "change_message": "", "user": 1, "content_type": 8}, "model": "admin.logentry", "pk": 207}, {"fields": {"action_flag": 3, "action_time": "2015-10-22T20:34:59.008", "object_repr": "963.372.4117x5474", "object_id": "13745", "change_message": "", "user": 1, "content_type": 8}, "model": "admin.logentry", "pk": 208}, {"fields": {"action_flag": 3, "action_time": "2015-10-22T20:34:59.126", "object_repr": "(469)206-2921x770", "object_id": "13744", "change_message": "", "user": 1, "content_type": 8}, "model": "admin.logentry", "pk": 209}, {"fields": {"action_flag": 2, "action_time": "2015-10-22T21:02:51.114", "object_repr": "08177487761", "object_id": "62", "change_message": "Changed cropping.", "user": 1, "content_type": 14}, "model": "admin.logentry", "pk": 210}, {"fields": {"action_flag": 2, "action_time": "2015-10-22T21:03:13.379", "object_repr": "1-735-229-5655x592", "object_id": "61", "change_message": "Changed cropping.", "user": 1, "content_type": 14}, "model": "admin.logentry", "pk": 211}, {"fields": {"action_flag": 2, "action_time": "2015-10-22T21:03:37.645", "object_repr": "900-778-6013", "object_id": "60", "change_message": "Changed cropping.", "user": 1, "content_type": 14}, "model": "admin.logentry", "pk": 212}, {"fields": {"action_flag": 2, "action_time": "2015-10-22T21:03:50.853", "object_repr": "809-324-5645x5883", "object_id": "59", "change_message": "Changed cropping.", "user": 1, "content_type": 14}, "model": "admin.logentry", "pk": 213}, {"fields": {"action_flag": 2, "action_time": "2015-10-22T21:04:04.614", "object_repr": "05799303384", "object_id": "58", "change_message": "Changed cropping.", "user": 1, "content_type": 14}, "model": "admin.logentry", "pk": 214}, {"fields": {"action_flag": 2, "action_time": "2015-10-22T21:04:14.446", "object_repr": "(094)683-2335x35840", "object_id": "57", "change_message": "Changed cropping.", "user": 1, "content_type": 14}, "model": "admin.logentry", "pk": 215}, {"fields": {"action_flag": 2, "action_time": "2015-10-22T21:04:26.672", "object_repr": "1-280-783-0491x72061", "object_id": "56", "change_message": "Changed cropping.", "user": 1, "content_type": 14}, "model": "admin.logentry", "pk": 216}, {"fields": {"action_flag": 2, "action_time": "2015-10-23T13:16:41.310", "object_repr": "Nico Cruickshank", "object_id": "39", "change_message": "Changed caption.", "user": 1, "content_type": 13}, "model": "admin.logentry", "pk": 217}, {"fields": {"action_flag": 2, "action_time": "2015-10-23T13:31:46.547", "object_repr": "08177487761", "object_id": "62", "change_message": "Changed approved_status and cropping.", "user": 1, "content_type": 14}, "model": "admin.logentry", "pk": 218}, {"fields": {"action_flag": 2, "action_time": "2015-10-23T13:48:24.045", "object_repr": "1-280-783-0491x72061", "object_id": "56", "change_message": "Changed approved_status and cropping.", "user": 1, "content_type": 14}, "model": "admin.logentry", "pk": 219}, {"fields": {"action_flag": 2, "action_time": "2015-10-23T13:48:52.228", "object_repr": "(461)027-6226x2432", "object_id": "54", "change_message": "Changed best_of and cropping.", "user": 1, "content_type": 14}, "model": "admin.logentry", "pk": 220}, {"fields": {"action_flag": 2, "action_time": "2015-10-23T13:48:59.560", "object_repr": "08177487761", "object_id": "62", "change_message": "No fields changed.", "user": 1, "content_type": 14}, "model": "admin.logentry", "pk": 221}, {"fields": {"action_flag": 2, "action_time": "2015-10-23T13:49:05.349", "object_repr": "1-735-229-5655x592", "object_id": "61", "change_message": "Changed cropping.", "user": 1, "content_type": 14}, "model": "admin.logentry", "pk": 222}, {"fields": {"action_flag": 2, "action_time": "2015-10-23T13:49:14.273", "object_repr": "900-778-6013", "object_id": "60", "change_message": "Changed best_of and cropping.", "user": 1, "content_type": 14}, "model": "admin.logentry", "pk": 223}, {"fields": {"action_flag": 2, "action_time": "2015-10-23T13:49:21.589", "object_repr": "900-778-6013", "object_id": "60", "change_message": "No fields changed.", "user": 1, "content_type": 14}, "model": "admin.logentry", "pk": 224}, {"fields": {"action_flag": 2, "action_time": "2015-10-23T13:49:30.415", "object_repr": "809-324-5645x5883", "object_id": "59", "change_message": "Changed best_of and cropping.", "user": 1, "content_type": 14}, "model": "admin.logentry", "pk": 225}, {"fields": {"action_flag": 2, "action_time": "2015-10-23T13:49:37.467", "object_repr": "05799303384", "object_id": "58", "change_message": "Changed cropping.", "user": 1, "content_type": 14}, "model": "admin.logentry", "pk": 226}, {"fields": {"action_flag": 2, "action_time": "2015-10-23T13:50:43.895", "object_repr": "(094)683-2335x35840", "object_id": "57", "change_message": "Changed best_of and cropping.", "user": 1, "content_type": 14}, "model": "admin.logentry", "pk": 227}, {"fields": {"action_flag": 2, "action_time": "2015-10-23T13:50:51.705", "object_repr": "846.185.1515", "object_id": "55", "change_message": "Changed best_of and cropping.", "user": 1, "content_type": 14}, "model": "admin.logentry", "pk": 228}, {"fields": {"action_flag": 2, "action_time": "2015-10-23T13:51:05.657", "object_repr": "596-909-0252x460", "object_id": "52", "change_message": "Changed best_of and cropping.", "user": 1, "content_type": 14}, "model": "admin.logentry", "pk": 229}, {"fields": {"action_flag": 2, "action_time": "2015-10-23T13:51:22.642", "object_repr": "1-735-229-5655x592", "object_id": "61", "change_message": "Changed approved_status and best_of.", "user": 1, "content_type": 14}, "model": "admin.logentry", "pk": 230}, {"fields": {"action_flag": 3, "action_time": "2015-10-23T19:19:56.260", "object_repr": "801-485-0844", "object_id": "14632", "change_message": "", "user": 1, "content_type": 8}, "model": "admin.logentry", "pk": 231}, {"fields": {"action_flag": 3, "action_time": "2015-10-23T19:21:01.014", "object_repr": "801-485-0844", "object_id": "14634", "change_message": "", "user": 1, "content_type": 8}, "model": "admin.logentry", "pk": 232}, {"fields": {"action_flag": 3, "action_time": "2015-10-23T19:25:40.152", "object_repr": "801-485-0844", "object_id": "14633", "change_message": "", "user": 1, "content_type": 8}, "model": "admin.logentry", "pk": 233}, {"fields": {"action_flag": 3, "action_time": "2015-10-23T20:19:44.707", "object_repr": "801-485-0844", "object_id": "14646", "change_message": "", "user": 1, "content_type": 8}, "model": "admin.logentry", "pk": 234}, {"fields": {"action_flag": 3, "action_time": "2015-10-23T20:19:44.859", "object_repr": "801-485-0844", "object_id": "14645", "change_message": "", "user": 1, "content_type": 8}, "model": "admin.logentry", "pk": 235}, {"fields": {"action_flag": 3, "action_time": "2015-10-23T20:19:44.977", "object_repr": "801-485-0844", "object_id": "14644", "change_message": "", "user": 1, "content_type": 8}, "model": "admin.logentry", "pk": 236}, {"fields": {"action_flag": 3, "action_time": "2015-10-23T20:19:45.120", "object_repr": "801-485-0844", "object_id": "14643", "change_message": "", "user": 1, "content_type": 8}, "model": "admin.logentry", "pk": 237}, {"fields": {"action_flag": 3, "action_time": "2015-10-23T20:19:45.237", "object_repr": "801-485-0844", "object_id": "14642", "change_message": "", "user": 1, "content_type": 8}, "model": "admin.logentry", "pk": 238}, {"fields": {"action_flag": 3, "action_time": "2015-10-23T20:19:45.379", "object_repr": "801-485-0844", "object_id": "14641", "change_message": "", "user": 1, "content_type": 8}, "model": "admin.logentry", "pk": 239}, {"fields": {"action_flag": 3, "action_time": "2015-10-23T20:19:45.539", "object_repr": "801-485-0844", "object_id": "14640", "change_message": "", "user": 1, "content_type": 8}, "model": "admin.logentry", "pk": 240}, {"fields": {"action_flag": 3, "action_time": "2015-10-23T20:19:45.681", "object_repr": "801-485-0844", "object_id": "14639", "change_message": "", "user": 1, "content_type": 8}, "model": "admin.logentry", "pk": 241}, {"fields": {"action_flag": 3, "action_time": "2015-10-23T20:19:45.816", "object_repr": "801-485-0844", "object_id": "14638", "change_message": "", "user": 1, "content_type": 8}, "model": "admin.logentry", "pk": 242}, {"fields": {"action_flag": 3, "action_time": "2015-10-23T20:19:45.926", "object_repr": "801-485-0844", "object_id": "14637", "change_message": "", "user": 1, "content_type": 8}, "model": "admin.logentry", "pk": 243}, {"fields": {"action_flag": 3, "action_time": "2015-10-23T20:19:46.052", "object_repr": "801-485-0844", "object_id": "14636", "change_message": "", "user": 1, "content_type": 8}, "model": "admin.logentry", "pk": 244}, {"fields": {"action_flag": 3, "action_time": "2015-10-23T20:19:46.178", "object_repr": "801-485-0844", "object_id": "14635", "change_message": "", "user": 1, "content_type": 8}, "model": "admin.logentry", "pk": 245}]